-- phpMyAdmin SQL Dump
-- version 4.8.0.1
-- https://www.phpmyadmin.net/
--
-- Host: 127.0.0.1
-- Generation Time: Sep 11, 2018 at 06:59 PM
-- Server version: 10.1.32-MariaDB
-- PHP Version: 7.2.5

SET SQL_MODE = "NO_AUTO_VALUE_ON_ZERO";
SET AUTOCOMMIT = 0;
START TRANSACTION;
SET time_zone = "+00:00";


/*!40101 SET @OLD_CHARACTER_SET_CLIENT=@@CHARACTER_SET_CLIENT */;
/*!40101 SET @OLD_CHARACTER_SET_RESULTS=@@CHARACTER_SET_RESULTS */;
/*!40101 SET @OLD_COLLATION_CONNECTION=@@COLLATION_CONNECTION */;
/*!40101 SET NAMES utf8mb4 */;

--
-- Database: `gadto`
--

-- --------------------------------------------------------

--
-- Stand-in structure for view `ad_activated_info`
-- (See below for the actual view)
--
CREATE TABLE `ad_activated_info` (
`ad_id` int(10)
,`ad_status` varchar(10)
);

-- --------------------------------------------------------

--
-- Table structure for table `ad_confirmation`
--

CREATE TABLE `ad_confirmation` (
  `ad_conf_id` int(10) NOT NULL,
  `ad_id` int(10) NOT NULL,
  `ad_status` varchar(10) NOT NULL,
  `user_name` varchar(20) NOT NULL,
  `c_type_id` int(10) NOT NULL
) ENGINE=InnoDB DEFAULT CHARSET=latin1;

--
-- Dumping data for table `ad_confirmation`
--

INSERT INTO `ad_confirmation` (`ad_conf_id`, `ad_id`, `ad_status`, `user_name`, `c_type_id`) VALUES
(2, 6, 'Pending', 'test', 2),
(4, 1, 'Active', 'imrashed', 2);

-- --------------------------------------------------------

--
-- Stand-in structure for view `ad_confirmation_info`
-- (See below for the actual view)
--
CREATE TABLE `ad_confirmation_info` (
`ad_conf_id` int(10)
,`ad_id` int(10)
);

-- --------------------------------------------------------

--
-- Table structure for table `ad_extra_info`
--

CREATE TABLE `ad_extra_info` (
  `link` varchar(100) NOT NULL,
  `file` blob NOT NULL,
  `ad_id` int(10) NOT NULL
) ENGINE=InnoDB DEFAULT CHARSET=latin1;

--
-- Dumping data for table `ad_extra_info`
--

INSERT INTO `ad_extra_info` (`link`, `file`, `ad_id`) VALUES
('rashedrahat.github.io/imRAR', 0xffd8ffe000104a46494600010100000100010000ffdb00430006040506050406060506070706080a100a0a09090a140e0f0c1017141818171416161a1d251f1a1b231c1616202c20232627292a29191f2d302d283025282928ffdb0043010707070a080a130a0a13281a161a2828282828282828282828282828282828282828282828282828282828282828282828282828282828282828282828282828ffc20011080247020603012200021101031101ffc4001b00010002030101000000000000000000000003050204060107ffc40017010101010100000000000000000000000000010203ffda000c03010002100310000001faa00000000000000000000000000f3d003cf4000000000000000000000000000000000000000007835a0a15daad94debe1b7e2e1bda99a74d27157ec5d651c8800000000000000000000000000000000021260003115b85035206c78186b56dabbc2cf08b62362fb95c99ecb3e7ba160000000000000000000000000000467b9c3a86f674b6c490cb09267a35c5f6bf2d835d2ea5262b1c984ebefbe7abe79ec269ecd2dcd9941996b66dcae4bdaa8ac087b5f96f5333dbaaad19f40000000000000000000000000d4dbd42aa1e63a56a2bce53c5eab97d798965d7917cf73f158e7ac6737b1927a18e8ee5359ab6f5b6c6be1b712c32eb42565fd1eda6974fcbe47697fc674d25efba9b0c66000000000000000000000003cadb2a93e7bda7177577a367596cb04f06719b32e39e5111cf8e6638c7b20f0d6a0b9e66cbdd9c72318dae6c6b6bc42ab6eb52cb4b7275adecb85917e8f9d76ec9d3edf11d3b160c724000000000000000000004657a9a76b96d7b1d5bab2f696d0dd819c4124833ca3c4930cb0ace5c3297d8f3d2ad6e6adebd2e74ae374e633eae65e665e88739a7d6f870fbd615a95351d673443dd7145fa54957632757b15d62e6000000000000000000022947ccac30d9bba9d7d88166d28ed8d7b0d7d52cf0ae9cdecf0d88c2760619c39afb55eead94dd8f1df41890c97ccb2f6bcf1cf97d8f3f945ed7ed675c96b5fd2a50fb674e58779f3aeacec2ff009fe827300000000000000000001e2b8d6f9ffd238c6a0acc31b6c75ebedcdddda8f56f71d4ccd9c2b294e861a8df3626a2d52e79fb58d2faebdca57b97b6e3867c6263bb16058b4b70d2c2e35cf2b752c8aaa4b5a42e27c360fa25ed6d8ce790000000000000000000238b67c38ea6ee387baadcecb9d5b2e722e90aadf9ab4d8d3a6cd372cb4f7952cfac6559bf6851fd062df69ee5ec9e32c6dd2f9df516494fd1e5eae5ef9ea7be7a960e5fada9b2a38bedf892e3a6e56d0fadcbc8f5339ca0000000000000000000030f997d3fe66d56d765b36cdb5417a6dd2f45cb2db6c7931079bbb054cd713ad758e52a7b2639ae7e92638c91db04394049943e92fb1f84b94399956eeea149c6f45ce26e74bca760de8757594c9f63729d54e3e80000000000000000003ce5ba6e74f9cc9e437aea763cb75492719d5f1475f34539bbb1a91aeee3cbe9a76d3713d01d0cb5dbcb3bcf64f22975edd48fd8cf71d6a54e81c7ed9d5c95bb8b268ede9271b57655a6ff00414f62eb6bee86f0fa17cefac72e8c4e60000000000000000018727d67227072eb6c5efa7d5526db1b9c4f61c227d076389bd2f6a34ae566e4af3915d9b1acbf2e2f395db3af4721e6a6dd51855c5486b68d955a58f53c9dfaae62a64e86ba0d02974b7f596e362391d7d9f5c6fefd0d9b9fd3c4e20000000000000000018725d77307cee6f72bde4f218d36a8f7a1625e8eab68b4eb79a9dabaf95fd2b33e57dedb465256dcf309d6e7ceda1635da5218c7bf2169f38fa158afcb3e9b36649ce6c6b94d2e9ee272fa53ebadf643a8116fd6d839fd684e2000000000000000001e545aeb1f17b0a8b3bde4a7b7a532da8a173e8b5f290eb25e7ad9737ba44f0e160b0f2dd673e9d46ceb976b5b3c4a3b1d4b34abd8cb51773c9b748f382b0a2b18a64e363f716ba10dbcf7588ba3e63bb73ee04e40000000000000000011e859e99f2cadec78abd37a96c6b9a9e0f734b6eab8beb536eafa5d95e2b3ecfc383ddeabc39892debcdfdfd4de34729f40d78ad728a7c2f66ae6a2ebbd39db1b0d43528ada85395f70c9ae851c4de5ab9c4cc9f4df9cfd96729432000000000000000000f3d1a9f34faad32fcaeb7eb5c4ddf2db7ab66b0f53cdf50977bf496eb2e4f0f219e02a63d5b637e4c3231aab3848e6a2e824924f32b46326353b1a55e73d7fca94997be35691bc5f72f7ba73cbb3acb39800000000000000000000079e88e1daf0e12abe9956bf27eae937aeacecab736afb2d698cb5a784e6ed35b9a4eef3e6e65b682aeb937ba4a3bc36328228db85ab6e923c935e8ad6d93e798763c31bb69d35d4953d5eee6ce1980000000000000000000000003536e2381a1fa27ce2efa58e5f57776aa6d173f3c443577389c7f9d4f96525d4feae5856eac9ee3d07b6c5a3bf5a658c9ae91767cef61311fcd3ea9569679800000000000000000000000000001adc477f56bc4eed1dedd41715d2b5bf5fbe8a6c6ef13423de82ca6749315962f25189a78e39ea61a72c9274f67adb931ed3eec059800000000000000000000000000000452f87cf34bade0eeba392b6cdbde47243cc8611cb8d6b4b27a32f3d86a6ce953c92a92a3ade3fa867b59b0926692d687a43d0000000000000000000000000000000687cdfe9bf336b57a282beeba49ebf7a5932c641ee5ea6184d191799e0b04292a2e26ca34dcb7a7e8d9ec44cf37d2f35d28000000000000000000000000000000045f3efa271ab1c18d85e94d6daf045de51fa4fec1e93618f88d79205f346c780b33b2f2722ebf90ebd9ea7ccb52669fa3a8b700000000000000000000000000000000f286feace0ba5e3fb2bd61afb6d692aef79c96aff00cd2965d9f228ccda9ac957161b1663b3ee66a5fd16eb3f46a6baa292c77b5b6400000000000000000000000000000003ca5bbe31790edf8bec6ee6c24457d6ddeb5b4bedae295915ac26ae7b581ad06d46924be6657fb0e69f57a8b28e661dfa4bb00000000000000000000000000000018e5119fcff00b6e21ae6fb5e4fa2bab6f18ca8278cd78e6c6a08278d31f32d55d7d8c25495eea94bd351f469d3d97397f31cff004bcc74c7a000000000000000000000000000001a3b7cd9af8575bba52457d5756b9d5d9cb9479784314b1541e7b8a63a1384be699b35bef504137b2c537d13e71f4873e7ad363943b100000000000000000000000000001e7845c8757c32e773cef497a79adb91c943bbb54c5f61166b1c59c350f9eeaa7937b4a4fe6e5f18cfe7b2c1ad3f3c9b1f43e2bb267638debf599da9b90ebc00000000000000000000000001e79199430e92e355618b7ccdcd36d5bd03d490c3b30ad25be3485aebcba76635f0db95dd44fe11492c72f80d7e43a7a5b3abd8d74bd2e35d64e7c776dce5a26f800000000000000000000000618c467a5069b5399dde18c98254737dbf1e75d2f33d147953b7c4d5bf957b04b3d3eb9d567afb0b71b7cb7507b149891c1356453f51cdf4d67996394b95d52e497bcf5c53b9f540000000000000000000006067af8e92ed546bec378cdefaaf5e58c32c0c7536f08e0fb7e715951dad2adae18efb7a186ce449af842cec751ce5ab379e471443cd6c5a56ecf1cb2e2f71247833d7968d9efa7d2db63200000000000000000079ac67afa358d6debe53b5ec9e647a787b8313dc7cc158bc20e73aba1b22d5dfcce72d2b676e68fcc55ec368c43791ec9af1e72491d8b25f32f3d18e43d6198e6ba5e58eaaef9bb167a069ee300000000000000008a5d735e49e4394cf7745d72922cc9bd8fd4cfcc31acf0c7197df3c007b04c35e49758e333dbd6bac3daebe4d9dab592675a6cbd5c209333d7a0003ccbcf4869b666adec248a2c2db9dde66f504ec00000000000000001e731d3f3ed6bfbe1bc988f588f7c0000014d7346ba916cadc36f5a43a0f7c4cb1f7c3df4000000282faa2e0020d8f202ded39cb462d51c8c8000000000079e1922129013e198a9ade8226a8d69aad6aa5c0c42f8003df3df0f282d6a2ebc781e7be1d1e504f338e40000000d6d984f65f7c00020da8e22fac79cb673de080000000209e22bb52e275aef6c7135f52c895b3edc8b4f9d8e4684fe48986bef8aeaee97c6b97f2fb556adbb1aebf9b05e7f5efb6eb92f3b78539de9ad6598d0d4ba1cbf9d1d6355ecb16bc7be06c6d256a58d7c8fd90f094892c678f66207a30b3afdb4b5d983d73980000000000000000000000000000000063a21a7aa356fbc3288309435e70935035ac421ab160ba176f54676320000fffc40032100002010302040503050002030100000001020300041105121013213114202223403032500624333441153525424360ffda0008010100010502ff00f4f9fcd49284a96f0b5132356c6ae53d23de4549a96da8e4495681cfe5e69c2890997cd9ae4ec6b3bce61ec7f2b7330504b337d09143ac1772ab45306a1f8ccf5f35ddc88e8b163e42715de89414b28cac99e0ebbd6dae30dcfc4df862781e23a85391c0cc95cd67ab9ba30c6beaa1d5bc97127abfccd3a2bd1b72b56f7044957aa42492732dad6713c7f8476da3b2dc4bcb78a46c66b34a7d52cc9153df7479a692b7b2d7359a89c83d00181c4f784ef9f359ac8a35769cd874fb8f136f1373503f2a080ed786eb3f849fa51b9fdceac76ca936ca86649639e658d24bbb999a25c16f556dad82b0298802315fef03570d84b32399d68ef14195a8964a560e33e0f5583d375a9fa6ed1bdf56c559bef8ff0004e7d3bf65fea6bced2addf7c7821a59667904a5a9770add59e23dc343abf06ed767dad387b759a75571931549ed36aa9cdb4d3e7e74fae1c4b05d1598cbccab2e9425a07f006a7380c478fb47e65bd91d86406a322b6835b2b140707f5b5336d58c61384a7a5f36d8acd76db9e959adeb5bd4d1531d64475a6fb1a86bdf77da6de778dad843711edc52c862304a244f9c7b5d7db3a12d6d307598edb85a742a63903f90d018e0deb938c8726fdb7488085caad1c1a2631465b735e83444ca65fbf51f765b9b6a3ed54333db496b709711d02f03db5c09d07cd92e36cf38cd6797709fb4ba750e22184cd3c4af41651439d43343a566a46da235d8bc1fb33527bda83c8056f99ebc1caf4ba7a1a5b06af0125784b85a9eda6cc4c2846c0afb87054c2e6096d6eb9d58a88949a32197e5bb044774b945bacc7729950a2eaded6521f732b73456f5adcb5cc5ac9aee5982045396e8384edd2e1b6c7a4c66455b6a58a846a2b1e4c55d4068c4c04f025dc2fbd6b68658a430d5acc1d7b55a11b7e5ca8248f4d2d19994d24b8793da6b88e39e3e65d5bac7a85bb5096134648457898c52b7328c816913ad3f7a638a2db8ea32569f1726dbe81a9a1de233eb6025a785e295487167378591cfa74e395f99aca784bece45c28c2e4d432f867c014c81a8dad950b5b2a5b78c50898d2a05144d2d66a66a66e5c7a7c46e6e578638938a92f26594dfce293528a9254715a85bf30155b98a773240bdae53741653196c6c7d23e5f7ad4214b8b682e4da93711132b2c34365d4484c2d0b8341f159acd668b629ee14191c858a757a91c2841bcdfc9cd974e839517918e05cde3dd4b146215ac669ed2135b2e6236d7b1cc661e1a7bc1810f44ef169595b68fd2bf28d17d8d2cf1c2b753a5d53b1b4516eea49e598ae5250f18351dcfa8575ab9b84b75df737252da38ca74ab88d1ea391e39279f234bb42ce0790d6b375936d12c111bb424457b2d2585780b7a7d3a3aba8b96f03196d2e4181213e88baa692bba5d8d4a303e4b8cd326e1770ef7ddb2d2de1679e6dfbc4ab109e4864912ede2ae74538dfcba97527a8a4c309277adad42195a9a068d6469a58f4f81d9a18c469e4ba996082066df6fa7efa44541e474575f0fe1ae6e06e8a1fb606017f4fa46d78063e6b5b8daadccab750226982b626bb93d71a85e654d6e915159a52b184a8da4c2b5064406ed9a963573144656862545f2de892f8dbdb476ebe63579d15fbfd925adc42163b987c5d9dde551830f96df6d89fda6e2e822135418f12cf808991778e7a2041deb62d729285a434b6f51db0c814050f2b793359acf0357a336e7b4cbbeed0eeba4069e2659345d5565f9b710f87be932e34afea5b4be8823ea698eed5850a0b412954574e03cc69bcb9e26ae3f8249716b01df2da0cdc454cb9ab98038d1afdae2dc751f24d6a16c24169fc36e761d386645e82a16ddab52d2f0dc2b9ab4240695a81a1e4344f0cd6ea32509281a0785dff005aefa5b5bfa6dec87ad1a95a9fd5568e2def2d9b741f25ab57731e996d527a56cd7977344fa603fbeff5695aa4cb54d790c27fe596a3d5233505cc52846a5f23f6a26998d4d76919ff00914a86f12430b56785dff5f51e9667a5a588f6691b14a6a6eb5a1cbbecbe49afd47d2ca03b5986f404f214ee06a0eaf58a419a97997d345a1dac68f22b9e546e6ded7a5a4c258e26a1c0d4946aee610a5c7899e2104350a2a11a65adc42bccb39718357ae16db521ec4c3db80621e08d4c7a7e9d6fddfc93dbf52ff4fb5c7fece802da36da98e1423f279d72b59b91524d72a9629796f0eb13de1b42efb6de4db25bcd34b7d1dc3a5437f16f439146a6902d3ea16c2af7508e45d464692d6495f36974f1ae93717616e3c54b1c0f711d5c5cbc48f6ccf15f03b66149f67163d3f4fb6351f927b7ea4eba738c5e1a04622201bd6c5ab0d8ba82e218db2b804c2de9bc805cc3342606554ad3adf950a2faf543fb5b69923b7f1f6f49750bd6a1d2ded2da10ba8ae04d00bab29e1e4bc11e5ec6d05b46e6a6c788be936d5cff005aecfb93fda3c8f5a1ff00da7cad79776933f5be347a52e1a7ba6dd69a8f4abac359599dd1a2e44733c456ed69a6825554b5532499adbb6b54cc8c9a32395d22d544fa3c403412f86b26dd6b285912ca5dab24514d51431446491569eef342335a8d5d7f04c733cfe57ad07fec7e55f47ccb7126f9076ff2e4ed676db05f90d1c60356960ad4629943572b15b68a628375dac28a9935384d1702b34fd6ac7d2645cd2b64899eb9b70c160c958e88ad49ff007d75fc327f34bfc9e47ea7408ff79f258e2a5e925cc66df554346af7f9261b92e8836b6fde62b0545a8c351dca351615cd635ca76a5c80e4816b86684615bd749865a0bb2f2a58b781cd52bba80a9a78a1a9a79cc76d6db1eefa5b93991ffb1c5da92b405f57c975dcb932c5fa8d31720d039abdfbd4fa261ed69cdbea0ea25b0b6b81ff0007051d36ea2a5b79eb6ea79116a469ad5b6dba2823d74b814de893357024dfcdbaae75cd192f1abff2268da5ec956d62f15787f71c82f7cfeda7527addf066a6ed1f6d0e3db63f2a68b71d5e3e6dbf407357473517f148335a39e903758f8915b47098e02f458fb548372c04e38014079266c03dafbac907da9fddcd135dea4ed0c26731a844f946a7863b88c5b3c519c55d0e96dd60ff00e9a5e56f074685b2389146ae4f48cf31d06051a9cec28dcc4a03c869db739ab939ab7fb21fed66b3c224333e996ab1fceb98da2b8b9d3adee85fe9f2ab2031c912e661ed6ac4542690e4717e82f5b2d0808aa7a5773281568fc99850e26ae1f0a3a0ff00673fb2847b76c32d8a3802cede6bd9ad608c1b351f3d540a9706b52d2b98e6cda117e3977628542d9a0781a92976f884756a490ad194914ee054810cca73e4634e774b5336c82ed36e947d2b6bd22799455a584d71566b24ea2dd63b750157f00e322ed3741ab26459bef8291b6c8a6b3c1a9e22b52dca45711dc02be2461a63813bcb2436ac1c56eae72e7352b6d55ec7b5df58e4b21715368440b2b6375796ba725bd2e9cd352a851f83907a6fa0cae987d229c1db0b6e4e2e2a681645f0a2dca5c21af0c6e2a081214a7754591e7baab2b0f0c546d131cb51eea37ddc11eca95730fe9ab574bc0303f0a47a6ee2e60873130eb44ed30fb737908a31835ca142b22aeaf561a86d1e77e0c7017af03d5b4d4dd281818ab4c19bf0f22f4d660db56726f8986e5249854e56ae5e7506ee44a1a94142ee134d77100d7e1ab977f71569691db0e331c8ec0d105cda275ef47a569bfc7f8735771ee8c7ed2ee97a4b6de9f2601a30c46bc2424a2aa0cf90d0eaf52b6d5d33324b0f48aaedb65be9e316bf887195d7a0c25bc8c1cfa94771e56cd7aa813438cad818c06abb939f71a6d47d856aad8b78576c5f89d622e7594c0c90da5c0917b15f262b15b6b1c4d1eaff00e5e4fc882ca2c569077051c350f72fbf157032a9edbb2b413dbc824507c98ac563c8e6945354929bcbb41b07e9d5cda0e0bee6b9f8a987a7511c9d5a58f7a2ee8e91f34bda8790f13d5fb56ad39ab78c434fe98bf4f0ff00c6f0d33d777f8a7fb7f5227a17d4197042f29e17dc3cf236d545da2f2e16da1b38cd45d5af7a5a68831a7d31c2e863f69f8a35af26ed3acdb996d52202013191d7866b359e0c6bbb354f278fbd7fb87dfa87f534561e0eae9b6db692bb74ff00c51ad41399068cf9b4c5119a9d58c7a7dceef2935de876d5276356f1082388648fe4d4ff00a5a59db3039ad60edb1b118b4fc5cddf4cf438a34f5771f58af576acf1357316b7531a96e235a7b9dd4a9ef48708abb5507b9aa7f4ac243e2c76d73feb6dff0087f146ae9f6ae9cd9b85e0466997a3dbc648b48a85bc6b46315c84a8a255a6a54afbe7a8fefd57fa70fa5eb555dd6162736bf8bd624daf6fedea30fdbc1870c562b6d1ef416a66dab1aed4415156b071697036e9319ca5ca7320d21f7da7e2477a98f88d4f3fbb83c8451158a6ec38ff0024bc22edaabf30dda66cac5f759569bed5d7e257bdd4a20b7b052b6d7588afe16c3713c58d0e13361506d55e134c20b75b72b68e37268720ff00875ab83c8d5ff122455ad71f9848f46a71068edd8c4ea68f03468d1efc07b8ddf84b2ac29690b5d4d22ee3b7d3a3bef522b5984cf616538b9b5fc3bfdb74797342de22e587b722865b94f442fb48ebc0d1e0784a734bd9455cdc2c020b779da30169bbe768d0ce356a3f76947c2defe1e5fb35c356585b723a2fdb8c31511342e4370346bfd63b55066bb9bdbb1155959b6e54e0ff00c978d88b483b6f07a19c646b6ad14b13ac91fe198ee6d51b9b713fa25ef4bd98759635911d5e3a824e62351a6a14e773f444e74b726d6c920a51c4f53ab4bea861daf1373624cd5d442683419485fc2b3d48f9ab98b7c07df8ac24e6da7034ea1d706d263da9a9db01e6482a1b596f4a22c48abd4f13e907f71ac543272dbeee120f09adfe089c51e94c4b177dd58e0e0c2f66e23bde0783ed2a921b621d6459678a3219ae0da59a2576a0326bfde1752048b448488385acb8a22b57879d65633f88b5fc0138a276d48f8a2c5fc97a8712b6da8dc3a531abab9481478a9a9ace3c58b9861d466d8a91234224315447770358e12b606a9eeb228545e02ade5dc1ab48cc527cf66afb6a49b140751e435770f266d2a6acd5ccbcb472aef15d4a95cebaab96b875f11cf78ef2192b607165304981c834689c09665862d3227283b7fbc01c1e67310fa352f9db8b533ac61e53252ae3cf730adc45cc68ae41cd5cc9cc6965e4dcb0e62d39f45b7a63e4c33055781e2cb5f42e33c1fdd794ff00c8dd9188851ea17a8e0ac5496df7719c8f96cc14756a96e00aeb210b43ce6b54b7def6f333e9e7121bd4dcd01cad375a38a271524c4d5b7f6dfa146dcb2bed5bf91c55940b0a3fdbc3ff006e372fcabbce694e47c967eaecb154d3b494173407d29a3e6c526e091e365ca61adb2a0f614c70234e618873ae2c46e51f6c04c6d71298eaded84080601efc0f92f0e5ed65294a76fc8271592f535cedaea4a8c50fa922edbc8e3c1962e6479cce1b34c7148a5ccce656ba411411a0518e972fcb16d0f2caf01e41c61f749f4bc326ca46dbf19dc20ee486618e23cd9f34881a95288c55f7b772bd001bcefde96b1adbc76f0b6e0b58aff13d43bf9bfda99b6c3a72d119086a293151b7c578c39540bc2784ab71cf0cf0cfd1b86db13287ab85c23cbcd3a7c058ed1e46ce40c0fa1a936db4b24db0d38a072217a8db3f20f7e39acfd3bf7a1d2a58965aed56bfcbc49a031f4aff00ddb91d070fb0d42fba91b70f8d326c7fac7b4a3af03509c4bc09c003e9da2ef9fc9f650a89f75236e1f15943096dfeb1380c72788a072287d39ce23893647e43d681d940e0a3e681c8fac4d3b6d5ddee548d83c1d8891d55e46b5a30482b96f4411f46e5b09e587ac5f508dcfe63d6baa544fb0ab6cfab236da955951dae1639db306ec4c920c5c2c865e61f12cf2ee7949855ce6de4795b9a3292865e783525b53232f9ee1b320edc2d6dda691ec23342da30b25bb2fd48fedfa016ad9b223383f4dd375728562b15b464a8345413b4669915e88cd2c08abcb5de140a650c3835ba1a36b46de415ca7ae53d729ea4b277ab7b0daaf6111a5d39418d1635e2f1abd3db1144153c615df235a9a642bc24048c63822172e8c9c4464af1b6199a45dd51b6e1f8b201a7b6534d6ce2b69cdbc5b38f292b60deca1a8dbc7488a8315240ad42d8d22851242af4f032d0524c1172d6a41b48391e4fffc40020110001040203010101000000000000000001001130400220101250314121ffda0008010301013f01f4004dc3222e01b75b3d5340d55934611a4261c32228351340501445008f827fb405108e2f43f10d1d3eafa0438cc4ff00938438ca7c7e2330438ca7c7e2c91a194f895922848382b233bb2ed40e54c46ebb226a0f04446c084d8109b021364406c084d8c7c11e008cd503c018ecd0114404d09dc89c0847060226108462225c6a912829d3ea262207d1f975d93a75d97744a75db974fb1b2fb828ebffc400141101000000000000000000000000000000a0ffda0008010201013f0118bfffc40041100001020304070409030303040300000001000203112112314151041020223261711342819123303340505262a1b172c1d1344382146373055392a27093f1ffda0008010100063f02ff00e213895264cfe955b23a99aabc780548ee0b75ec89c9d452d2613a1f3bc29c3702153e3139eef2bcf45bf46e0c0b96cd55bd19dd9bf2c0aece30b117f2a7f16e597ccad3f8bd4d6fc0a0c8a43b2766ab4f86f23b761bc58f256dd7dc06d55cef05c5142dd8a0f272a891d52561dc5f9508dd3364f3f861ebb14af45bada664ae265ac00553337b8ae4366cb6fd7bcd5e8624be975cbb18e2cc4c39eaed59c50ccd31ed388214c5f8fc1d8339a359eb705327c17a3679aab80fbaac4778aa3bc4ace58ab2389ca5b33ff2d92c7ff8bc608877b5651cabd084f846f644124eb264e054a28b273c3e08d760d2a56b7415a33b0b442b404e954d735cad5ebd149a312bd29ed4e6af90c82e22b3eaae53370569d79d97744fe4005779ae107a152c722a950a9726bae85168547678a193dc13ba0532a7f047b7022615b1c4dde40a7063acbaf05031007c82e0f22a829cd5c7627dd1f7d4796c3bc939df31d7bcb7eadf99768cab710adb2b66a98fc5d0e47aa8479a33ba4a1865c6a5168527820fc0bc26ab71dd4f82fbe5e69f0dddd74902de20a631572bcf9abcaa0d5645d89d4494277ecb75deb882dcab3119222f82ff00b26c37664267508a2ebdb921121b9c47ea57cff5298b4df1b40ab425f00ff02b48b37eebc26c466351c8a11a5476ebf9292b6cf10b9ec486b0deeb6a765accca02e96ae1f3552c0be65e8e1c5f04650cb9a6f05438acc0cba2844778a94174de70527b64bb583561e36e6ad433e1abb4837e2dc0a9b7c41c3df9adc09b280e44286ec1cdb25184ef6116ac3915222bf9400376ac8e616e44047d417f6f5d152ae37052c71d829a3e5aac5e725286037a554e2c672a088feaa965be2bdbadd8e0f50adba13662fb278941bed33039a2fa5b382eca210d8d99c5198b2e1432569aeb1cf05278b0fd41cdbff2ad36e3ef85ce32014e19a1c79a0620df6bacbff94efa5df646145e36e2bb08eeb319b71f9955b5fcac95e15085c53e8a8df35533e8a655b7f17e364a8b18f78adeff00c42a482bb68186d9e61093bd3345dfb26b851c6e28bcd65488311cfa29b31574da3029b8b5dc27f653c455103df1cc37384947d1dfc6c72b4de245afb8892ed2fb3bafe99a1da6f37078c16fb7b785f336f52ed2472705c50fcd5ec542df35c7e01598626ee4ad3eaefc6a035977805605ea1b3215f55bb478b8a890b849de0322877233448f309d6686f966a62f41aef64f753e976a85ce1fbec3d2c7b389b91355ac429b24ecdb985d9ba7d8bb86782b50dd2e972f4b018fe61560387815484ef22bd1e8de2e5bee90c9aa4d12d73d65ce5da3ae076ecb213227475cb7b437f83815e903e11fac29b1c0f42a6176b0bdab6a39a110191cfe52b7a91e0dff00537341e2fc5139554171e2b8ad1c7fb7efb160bef72ec34a9b7e571c54ad7d95b6b858cb25256223661599f4e6a476640d56e9b4548157c95b75d80420b3c50d9aaecb46326fceacb7cceaad54ecd9766da20e831bb49775ff00caecdd38517e47274403d1bf8865cd5b65655eadc54b24ee88b7e589fb286716c369f7baa91a34ab44ca5822d7c03119dd9d035586d97dae169ac976915ad73efbe4adb26d6fd973c94e19b2e56238b0ff00b15ba55ebd23eb8017954f42ce77ac5eee6a945b9bb13e6080d2aec1c9c219a3789cadbc6d0d1a1f11be4b09e2559821d19df40573208e752bd3457bfecbd9fdd7a39b4af4a086f7bf943b4a91429cdee61c93b5441fa7cee40b6bb962487bdfa4331926d827b26e09d1c870ac8734626902d1cd358da8bca3f2e2a7a382c39e0a5164f6e6151cafa7ccd3fb2b309c3f510ad359da3cff0071cb8dade817b7778357b67cba2998f21cc276fb7b2cc8bd766f05a1b51c900365d11f73518805bd22279355bd35c5e7e5372931a1a321b25af130a5067d9baf06e0a23736a88109e4b48e136652f7e35367252fed68d3775729ddbb3511e0995c10b5c04f02b0d86d96402959904e2f008e542886dbb0170969ccaa5872df6d9eaa76e10ff2528523ccab7a4442ff00a5aa61b61b8152029b5d8c3a410779d9adc15cfd4750ba85189ba49a37dcfc80515f1744798640baf6c95bd1e37faa802f69f68c5369a1afbe151c3a969c5c5061c2965068abaae79fd94777721d17d6e5bcbb36f79a806dc155708f25c2bd982b7213073214dfbdd7dc5c72aa1d02fa6ccca83f4cd4dabb682e30e30b9c10d1b490216902ec9defa21771eb488c33928f9929c4e2eb5d55a7f163aa5f2b7de227e95339493c94d3c89d5455a1c08c13991bfa8857fd433f7ced7bcd995127f327b05011355c0cf5bfc766f5c4a87dc627444e45447271c801b0d7ba764ee94c3ef6f95f7278f156f2a285f5b27a8a88ee7b129aad56ec27adf6792f46f99cbd56f4468fbafee1f05473bc46c44e8a1fd6f5d54f333d9b33de63883ef6de710270e888cd407f7a13a454c5c5573511c3171d8303457596378e2ff08ba2134a92e4eec059853a1cd73e68be071b6f135317e232db9999c8231223bb285390017a16978f9de6535bd098e08448569b3c8a6c3d2380d1b130d716d196ead13f492a1b79a68d98c3097bdc2ff95a8f40bee8cae2ac1ea13cf29a6c8d09403aa04aaaf3e0d9a3c7bd4ac341b0e1f9b51871181ad37cb14d01ad929be135e329a6bd9a35ec3ba1c883a3459f20a4f0f867ea6ec126e55889a215a3e0a0b5ba3c56c38779762a5d9ca5cd586e8e1cf71be6a2319a35bde9f14a48b22e86eb27eb0bb27c3248c6d26ca1cdce3209d1748792e95ca04efb299c8a6f4d9737e69fbdcfe58ad4f1c82054af0835dfe2544e8a10505ede49a730996ae07559c705d9c60592b971dae88c47093ddf84e72233a26768f6b69895ed42dd880f8a2489a6bac34bb13250ce4e9230ce224ac47a3877b343b236dd849099df37ea9f928647cc9fd142fd2875d9099d5df8f7bd265849df753f9a130fdb54f05d4235c541448eed537a6ab2e1d39aa8215989608e6a6d6429f4521aa0c269e22bd2c57394bb261ea11740058ffa4a7b1f12d6ee21423c9169561e6ab7eaa6c60537b805e8d9319a2f7d5c54218da053937a267ead90a09fd5ef7a443f9a19504ffb367c8eb71c64ac3b25a3bb09a8edc268c337b7555711552af0a50eab79d543e8aab973d7161fcaea298bd4ae70c15cb768332a6f368a99a9d50e18e49c82823ebd909a7207dee1938d13e19eeb88d7e0ba264b02a2f50536249e2b82f6931d16e383955af1e0b721b8af493e814832416f49448d39da2bf2890b9ea3f5b7573c0a9385a19ebf49100e58a2f0dec217ccfab8f827458d33179de9faa075d91d11764dfcfbd109cc752236feaa1692d1c729f50a7abc9052e69e7f4fe1556fc26cf3145b912330f22bd1e97124b7b4d703fa1523422335bf1e0cbe90888d65fe08068931aaccf77bc552e53172a286e86c996f35fd28ff00ec5fd1ff00eebfa568eae5410d9e0b7e3954731a730daa0f7bdcfb3702894e6f2d50b60947904d7ffdcaf87bd8730d98831cfaa8b0dc2c44f68d1f57240b7d9bea391cb544e80a080fa9456e4575d9b86a280179400fff0075108b5d78f514bcea772844a1d13796c019aecdb8de9ad17012f7c2c8ad9851a13db6d90dd64917b722a8826a6750a2b4a2075081dbddbaed8b6da91f74d7b6e3b64e176ad31d932cea79d8dca9b9a9805493327a7bf0d2a109d2cc46e6335dac2935c71171ea98cecea4df3dd4e84e05ae17838261374d75535d6bb4c822f37a036242f4e80ee1bd9b5452d51dff003929aa21e7aa655884d9345ee37357fa7d16a1bed22a7440240eeb7a0f7f32129ab2e91073423e8cf73623699cc20f368bb329aeca47573c364288f79b96e9076332839c77b6b93753ddc94b1a2e8bad54854ab6f639b0c779d40bb0d10087a28e288071745d941dc080170f81877d0530e2a6a581a8d9045e2f4444639a33569aeb4de4a93537502b1a3b6673c0205fbd8976bbf5f33a833179013204e5de2724f7f6d26005d6409a870ad194e4a7a3c6f49ff187140e9d1df187fdbb9aa4d000c87c15ccc89fc2b275197132a102366511a0845f0490310aa6a86f4988361890d569e43473528138507e7c4f44e9bdd1279ea0dd70f95512789c9cd18b649dda095854f8314463255bc1aea6bbc0a743c2f1b770d761ad31231b982f42369a6d1c1980d89ea92318dd86b8e658cbe113c42ed983938208b734c89df877a9eaf40c0e3cd7a4d1dfd5aa4e360fd4a9159e6ab1583c54a031f14f2a055b3a3b3955cb76ae37b8de762c8bceb6426f1453f6465c2da0d6f77cce9fc2ac3bd93cd3e93aab7391867bbb15017b36792f66149ad96d17780d53372ed71783e0d4258ea79e49bcfe14d71e1b627c918313dab3ff006081081c6edaa6d52f340a4149762de1142a311dd6866b96698321f0a88dc64a0c667b40d98fe15a149de322b97ace8aa8bbbeea34224dea37fca7edaf4583ce7f0b92890cf0b5c55a68a3b0d5d3d6da6fb36519fca002b67bce71fbeb71c21c397c30e51148ab7971ff00281ceff58dd1609f4912fe41596e01447636540fd3af4c89f5cbe165428d8b1e355af3560709e0fe3d5734e88ee8d1994ed22356244449c544e8a04be41a894e79efbc9f86691c84fc930f2d564dd81c95a3fe5fcfa80b92a7b062b210e8a27450d9de0c6ea8a7e92a0f49fc323333694ce9add60c9f2a2309fbaf186d4cae657610af75e80c512bc145e8b45faa0ff1aa27e92a08fa07c33f29d0be488e075cd08828e6dc42f49397cc3f75bb1479aa382bd5e809aa090cca73cd4ae668101aa2782d05aea6e103545e8a1fe91f0c7caf74805a5f321e366e92a89f55bb45c6ef35bc5c7c54c365af933f3a8a7aff00a646ca2f667c75451c943e9f0c706f15932ea689adc1d047a990d5554bf0d6eea9de0b9b0b227dd349be4a2333124df851d51be56516887bc1a5851f57f4b76031b8113f35a4b7fdb2b477e0583f1ab488393a63e14e5122bae63494d73b8dfbee504bbe7fc843a7aa90bcec17626e569fed2239b3f3518660a8133c22475407611859f1f85006f7ba8a0e863fb86dbff48414371eebc2742886ade1398f553f2e9ac971423461268e16a60c8cd52f4dd0f28a5cee9a8ba1fb5846db7c1438cdef89fc27477134682e2b48d24f7b75bfa75544c211656ac5e3308349983563b3f5167cfa29e7aaa6a9b1238a5ed61fc95208a9e002d2cfd3ab915a46826e9db87d3e1301a0cadda6ff008c948d0b448f54dd45764ef64f3361f94e48b1fc43efb44955bef76aece16f44fc211b49137f75a556a75354be774968f14ff7c3c9f3a29774ead1f4d877b0d535ece17098f83fd213a27761590dfdd3e573da1c3a84d3acb5e28835c664703ff62a7b3c9bf728971ea51668c2cb3bcf56889b94cdfb0d603ddfb9a2d1f2634855565d7a8908e213f4575f0cd3a7c1792a5ca43854468bc850f32da286ef0d893ae5326709d8e5b1bbc46e55de70ee856f48362160d18ab2d1268568ec4d1660d333ab92985350dddc8b4f824dcb20a43875c46fca7b46f451a0f7227a567efb243aa0a2d79f4633c90743330710a4e75720a708868c04eaa6e1376a9bbcb662443c30c4fc53b487f1c433f0d764f86a2e6f1b2a1438998afc0a66a54de6ab26e5b0d8ac13743c3318a86f875308d0e6d3726b9b71d7371ae0d1795bee105bcaa54c6fc41de799aec9dbb118ede6f24e6b6944c0e6d642ab7dd36e0ec47555bf2d990e2340a0e810ef76f443c9068b809296b91e245a6e728da3bb034f80485eb3715266f3f1392ad4ed59fed44a0e49d05d78a8d56bc8668c58ae25f7090563b271ca745ecda14ec6f36e3456a2437d998b545269ae4b34f83333670cf119298d7329fa4c5b80a05174b8fed637d86a9eb9853c45e8bb9077bfeef9aa293283139fa87437e38e49b11f488c36627f3aa63f4b3f72a52dd94948ea75f7200a91bf9af47126dc9ca1b85fbc7c97d2efb1d763ba389596ff004b04ff00e6e4472da9850863292e7ef9553751b92943f35cbd50737bfba51069161ee3d17c3b9b46a27364d30f2d4067aa6859eb3cd0ff006a101e255a171fb29adde23409ba168ded5fc4ec906b385b4ebb1d7621c4185fe6bb4678a98f7a936a55a8866e55a0c957cbd5b999aff550fdb703db9a6d9b94278ba7648ea8c33c4c32d44a99537f0e49d17fb6cb9448a7fb8ea74441565c68a6d16a3be90d9fbabed46755cf38a90f51179003eebf215a6f01f78aaa51b9ab107ff253c733eb8fcae16bc5195c704f66615bbadb2bfa85faaa8177804347817ba84a87a2c0f68fa7866835b70a6a165a5cfc027458a6d4675e72e414cfa9fd6ffc29e055784a9774dc7ddaaa713c1ab7a9cbdc06635b5e381c7eea655a3e013ac9b30dbc4ffd827467364e951bf28fe53a3c51e91f70c86c09dc3d4bce4137e96fe7559378565dc25593e07dd4124d15354da29ee2e2ac9130a7dd9d559130cfa454a1db70b6ac862e0aed89354bd4b87cd453c5daa62f0a6ac3aec0e4a4ee2f783ee01ba85a9c86a1b14bfd5c0823a952d73c0ea91e21715cfddce5ee02753b0dd8adfeae2c738d06cc8ddabeb1f7531eed55387e5eba6a7b33d533eae42f3441bb523729856c7f9054f709ab3cb53399d6c19ab2e182dd3e6b85709551ea659ed37d6f4f51f4a98b90f90ddeb695255b33bee4e738d9b35ea9d9c827740b79d7ba4d50fd2484f250d8d74c56d05bac9841ef6c9cd7286f7df64a73a9d9dc13e5ddbd13512c14a2b0b41b94d9e4b786df4d8e59add25a80024b76beb279faa30dd8ab0ebfd664730aae71ea759389426052e409c14e55d5bc27a9a00b8cd174aa55149c2635dd25baef3572e12b84ae12a60557a437adddd5579526890d8a85bb5551b122b74aa896ab22f3452d520b786b246c0e4a9785cfe1950b768a922a525337ebe109b21292a8572dd1aa942aa429059159aa2e6755b1e2a6367fffc4002b1001000201030303030501010100000000010011213141511061718191a12050b13040c1d1f0f1e160ffda0008010100013f21ff00e8ae592fad377ef436c35ed146dfda7ac4afd44a2fa3ff003ccffd03fb8e63fbdf296ffcdba90c35778159c5dc956cfbb2cb299b185a879463d79668500703ad9cf431ac894b06b3fc29a59f674f08fa8d7eeaccff003a01aae3c454d6bd8383ea26484a568686a4b508662bfee1342d1e53ed2bd4466e4af1f56b2e1b4dae13728f08fa19534b626af8b26e03d60a9d95a8082ebd9f584357e4ecc7c2e39361cc329d0db07fa61a7d9b52b6e8b27515fba6a1ae8f45ad61b52fb6e0ec6081a36bc586596a4f78c573d83cfd0b49133bbbd61804b10aa0614d9eb20672aba78b379fc9893721ea776a6e0c4c7470fd9721bb80ef2b5b5dd99eb4c28340b81b94e609eb2334c7e511ba799d0238ff002a06d87a23ae68dcfc4d7946e4b1ea1ed0806df43d4cc9b7bfe918ac2ed73d1526933bcc7415ef5cc1bc179efa326f855c5ba62d20fa20d5044b3ec6b74d9659aa02d77d25f5ad3ea4b1674072409c899ed17230d1705cb00d1d1457e5960a72b07b4bd0b169a12f30752dea966cf69de011f3e2b822d039eba259bba12cd9c96f4f7a6a2a7a914b15e233336df3725c68a94336a6c31f056183cf080d2e16942ed3e21b0d9af597f627105671ef004bed5ce91b8147a413f720c63624e33518a20557ae025a70f050b6a5e929e3ccbbd268661cad6c7774c86c2baba5345df094eef565f4570787722ef4fb8f32d436e971cc13ccc293fa4a2954716211ba0c42b2b5c1c1b4dd2357d9803e4a25858d9f60d0cac954f7d7859cdffd1135f33f1b47196b61cf68f1d1cfff0023ab1006831defeb28d0b81989b2c73fc5000034216d289b832f9eb54e03b7fe4a4f688d4931d9896a0f59a7f758028ff6aa00e157cb88dc0a81e369a2de5acd561df52a9ad769e70b023c3de18b4784fe65e3ff0044f1e6134476fdfea45fe1da50db07a2220d4e67b8334bd8bf83167de772310bbcff002131427674f10c188d5f75e210a3a7fd68ec756541c4a9b64f68e668342698abed06d7d73e3e098a7d84760f755177b959982d69ae7b196256184528a884e589b9925eef480e7ccf5f5dc425810dcc461d3e4435d7f7a09d9e0b3284336afee935eecfc4a55c6349b19620ecbd485f5c319bd0ec4f4545df24da7d45c00cb6c00c4cf9f79e0cb919aead6572f554e164c2da38de627c5455e825bde6808789a8272a883fe699e17a31cded52a44b5988778dba0268a9b403d8f36d3c4cacc5584ffdcc8343dc4299cd0e7c1ed29542c26a2f68575ccd645b7e12f15e73f795ce76bc12cb50f220d2f44ed67c19e531ea98764c6e1d98977dad0cda2dc9a40ad397797e11f59467ddc622ed6f384b28b3c6827a6903765eea715c388ad788685ebd3466ae08169edfdcbfbd32b78286cf4200501ec442db3cb9845744b8e104612d7291f1b416c359f7118a017c7d99a998dbe8f72e63809351b33327b0070f6fc4531457b9dd7722e03569e496ef46ebce7f79a8285368c51d58ce1ee71084a5e9c1b469569826fb26b8e0bd7c52565a6c615ec4a6f97a2016fc5349ed1378122b7836cf328b1f87b0e8acfcdb2ee19cb2b4d085c5d9628e37875b9b3cbe80e891e8063666a6097eef7bacf1bc26da35fe6c870282db7b89a2018f13fd382f6650ab7258385f5d3f78c41387c0ecff00b88814c8ef138bc1f88cb20193e297a1a843d92c15efa92fc35d825a8001f891f88304128387a25180e09a4e182d79e9e234d32caccb6b0b16a2ea73ba7a434406101d08dba459b92ab7ca627cb90f6bbc50f79463f3645308291871ff00e223a8db1ac3d150dcc5265b7bd528fd690a85d3d4d21ef15f97f7820b32448143005bda153a349812a8d7a2c385e1d0e5f6ed1b925b9f5e48d0cbb86a724dc06ad70972dc7334ddf5c353528d19409d19a2e88682ce2ee2bd0dfb44a4a1255f6197dfff00265452e6040ea6caa0d6772c3b39876d5df5185c68a14ef137cf77f889a1ea29c4560d2f77818f9cac5ba0762515b9a264adccaa1b34892eb4d7ba07ff0040b98365fee9017a23159a2e63d27b87b4be1768763ceb710b721c5b6b03609ee783f2953c727fc416c964e27bc27ca32b5901e324bd87da5a0c5a2f82383f7729c82ef2811b0c456dfe1b86badfb17de1fe519e0e59ca75b7f04a204089302359552bf84ce28f3a5988f86ee0f59f20086f33c5d23ff4204b7e6590321b19ddf06f73b4c4272dc9b3ed0e576cbeeda60b8806bdc89b8a50e7284829a8b7cca13b1fba5ad258de65b9ec027e281ac0858bc18e01291065e0c6bb86668da07538f84c814ce98f82d6c686c36bd486bb8f809e6096f5f852e9b9cdbfe20191f174a7f1010df9c250206623ad1c341ed20661d0f2fe61874102574626f8aeb988ba85b7776eec566a30d87a42663a043a3d0d0beccb35fd5deacbc3240b9734330e6b42bdedcca18fde2594c358c332eb1c0c726908a54a4deb2f66383161043861875ef047b9f692a21f0259ed1006179d3e25dd93cc6c28b63306283ddccb35fc98f89fcb691ca7bdd13126ec621c28e28d3c77ef08d210212ba32b8d7d86a2142da55f5970972e2f4d132ab77dccc7976259a5181f88d9bf5b3f7b820c3d8ae6623aff00b2a6f08dcc47f786c3b41beb2ded34aae6ece58e7a00c2f02578a052a619ce448c6a43e59590ac58f30d3e0894ddd1d7158786a3f2b3be600579f12a32cf41e92fdb1324103ab151165c1fa05c589416a61ebc800740898003063c421623da02f2d9f9e48ee3409f1f7edfbc4b2667376bde3da247da52c7b8f13734547c08ceb5e7b7b450856e315310cba1ee43c29a42536e86b0fa0f352e5c197d039831c55672fc4a0d63f047e605f8237fd8ac5506410b03780ae6257639fb10a84df3fba544cf0992e1a857616fc431181578cc0334253c43e5731e65cb904de6b86a0caf51ef2b744d1f59965d34434e8e9d162b163d1a65b373a0b6b1fbf997387a3bcef0a98c6cfed72ad660c416ba95780b7b33205e2aff00759212c3527e4c78e7af84d2f5baf0cac3c6f316342b36d5f989b2632822c4445468f1531e74c2fbad202a3dc74d43a3a45498ca25ec4783dc194e3ab90ca119e24b596c858c747ef6695b8fb1377c253cedd17a998712a61166f74b1fbadef68ea9a159c894be206d36842ebfc504f4cb88b2d452e714089b97bc2844589b0a2ee71ca2a2554b698e968abec23a97a5acbe9b75ce0c543aae62cc4d1d3445b4705923a1bc5ac21556f78971cd6a17638811ecd565cc790d94c382df9078787a0be2554d907763d6b9ba4bf4d6278abad1887ba26765fcbf75ad3fcae187f81b470ab10a7a32cef103a5abda029a0a2c391a04037c54f2d2388bc40437c0519f794030d5d48f8ff72c4a8003198c677beb98e89c81da7398457d9c0e257baecc41c4df4d117f528be3be2a042a2b7045b2f12cd66374ac02197f4c444a25b285953177e936bda5061d0b510334506e980f9343a137e154382645b4313e075d3a3e181f0fdd6a4383b8f9afe676f7f0dc190d4d7c415858691f8a2db3f111a99b93d1f7dc89bc28d76ccf3e12e42fd8778008fda53368e5c2cb663dbf4215483bed1758dd3e638669608d4836822ff2cc6b5c454606f705b5169ba6da85870cd3d6455670a8623321702337543c6e02d4cfed8636307fa989f84b0f8fe51540680ec7567e48f437fdd467367c4128a5b01ff3c41bcce0f4712d069d18f42d60483e383564fa12616e1b12d0c538a66750353b26890f1122bb691070d10590aeb7e260a8eaa536f10c38fd3494577173f99c048607de5da8b599efb33d1cc4dbb37b4a4fec21057d9298cf350fa11175db0f03e2669e16c4c0e57f79f249e2749b7c821bfd0ebd53e43f0fee99d8987b4e66040af286c94535584a10ca36d6a1b7347f139939fa9373621dea0042e8d910b15778dcab670125f715db426b2c8b0a907cb48a9aa2c0b4b4188e75828c3e6cf5476633f32edf7084c7e55301e433dcb5a7b4211605544c4d6a8f0dcff1f33e14cb9021d58ab1a43aba10fdd50179a9c10afeb34020bc4d9676458f78c89a8b8b429b71e259a7fa8913d15ba5d45d06cf624a3a178976e014a55efa10588a7a70525e48cd4032ca02cdaf609442e75503b1845a3c359589dadf2112e105e8d06927a5bb861c2cb8fc9ed0d1636395e904df17e839c734fcdbbcb487338b6503345e7d59b64cdf5a5f431a9dd7fe7ee89ddc86c31fe07c336cc783124bc068cad0e3d911fd1865579a56c6180790127081da5d2f3b8f88ea7388a36ff7ccae3f66075dbd7d66241dc2c5ba49b213e61e2d8047645067f82200c44dd168db3a18f02cbcd6fb441d4f0257fd8c13113b0276b4c155e068993dd42f94a2fad5303cf9800aa37e59deedcf78a97ccc4f0f4b3a0f3b89823c1f12e429fe91fbb426d16c1c764c56a5ad29adb7122689947bd052711753d18ad67a1d2ede04a9f1f945643a586733fe244a811075f9f30802a1a7772c2eb33be84eca363a78e967483a330fc0263522a1b37ef3248cfb48f4ff0009973553d78fc1705ba103b1fbc1807f73c45b6d857bc86e27102bb0d713d684f88bba1484ad0d5972fac214a6f097f40551dc21321ae0f6878fa3635550c9c21680ae07482ba31f329cd1845997368c7e65a9e21be1511211b7897470131c59839777c4555e5b9fc6ff001fbdace2211d2daec8ee4dc4b1f188376343598e620b0c2a56f2b0e3ee66976353486a4a5adb074cf1d3d62b1a8d71b6df04121552cd0cb788684d71caf89a464f8876f787e828f5ea704140d09b9d8e9c54d9c4ef0cd23c2026ebc34a72f7e095d1d53abfee223604f1a5fcfefd34565b46ac2748095a22ee4abf225a4ef17a45675f6d7528facb851a33022f9fa25946dac6b827b4c8faa402b52540025bccc30c311a557665421d166196ff00e18ce76b450df2deaca5ae292b6ae5308d834475c4e0bde589773dee75f32800b85dfbbe60874141f6041d6794835564d261c321ed996d6ca63869a999feb36fd45c77a6b04ae850e62a14e22a639b51e904b07e918a0d63efad0ef1bd1191bbc131940cc7101733258b0a5de462a52e1e6ab333af6136691abb980a84e166fbd41f56dbf3ba448719001f90d60321c0141f64f912e63403d98b7709f24c70cad6a3cd0d45df4b9acb748d3bd44378a0e4a8f501c2a3ee0ab328ca7cc311904eeaa55baccb3db6c4b4286bb6606ee7176ac2682e846b25e75eee0945165978945b283d49949ea5e61802becd704d90763cc2b05531c4c164e1793e47edfd20f44adbc9cd435c44b563e7287fab82510dc9ff00b7adc7bcbb5efa788c7d8197c4a6d963c749e4639100918d0fb3d4c531b463683739f49ac36b20a5a1f66529c98f6de11070f400d8336ac4c1b1f291adbe235356fe26e0642ddde1f230a796d751fd4574735b7f4151ff00832b11e9156b078dc76df0ca062abb4d51015d0cccf987da02ca86856a40950677e0f139e4d6518d1e7ccb3de28f1b75a8eb8792099f691b46f82843b743d5ed1f1443bb0d54228f45076ff960a22a02ba66f7ebed38e81cf43caae289b7731eb899f9a4560f5497128adcbef349f411220a1a44da2645de7f32b78c0deb98003b05112cf2804ed687da595a1a95171a137e60bd108d37763d63ca7af5aea918c0e8e88ac76c4f30c5a378fc81885369cbcbbc1a1bd9ec25c17b6dd3b11b7c10d3ed57fca1d9e076bcce17a763da0506f8bdff00f66e6eb3d0810ea13ad66359ec1161ce0cb10e7f527780d0c1d228688e93c793cb0fb559dd1c1a50c14f49991a6d40dbfdd613f0bf83168e310fac6688d08e1886394a42a8a59a68529b393f3d1d23f4b7ed66e186e86bd9941ee5cc28ec39230589aff2fe64ab6f3bc20c1972e2c6583bed2879656652d202ae7ab2f683d148ad774a2f2bdd85eecec0171f7cb7f5afb6285b8fbc32a3d692af5d629bef9e44aed91a27e1102cd3e82dd293bcacedb3172d0cac6d7db41fee6643620a034205769cce790aedd099dbf04abf3f367ed8ff002caa315d70f699799591851528531cec1c1fa2821ab4a6167925ff001147e2197232b5abbb3836e1b3187fb6b281cc5788d66d1d6707c4ecf7e1fb5b34b1618f062bfb1f18da6880662fb1f100b3c817c300156f7c3b7060b69f441355ea4f04152c57110535aa0cd4378099aacde3e0db0952ed2e4f683fdb99bd06375bff0090d020b9bfdae3ed7a313f8474cba9abc77331d874a928c36d48a9cddb12dda414d4f918ad57d52ecf9280d0a7b42564956b2ae4e2235608e3e97e62b3c163c531d38823b8427db1749aa7629fcca8c015ed159ed8e8cbf244b3319a443b437ea988f69ec25fba98f29466fafacdc992a2b1ba8f98e60d5e3b997e63eb8059ddce3ba0d7ed4afb51724c1741bf7d3fb972a607ee47a7c278ea93363a0c6102b5d5d7a2d11d5ec1de396051307e59a8a11ed42074a3e2550dafe3a33bd103b6bfcfdabe7478e9cfa4df5ff23980d9355f220fb328066be106e6f1e863d011d63070e7f70c6b73e20de11b9c47966b61fb6c571327e7f123d2abeeed1551b3921bb8f6943ed2ab7301ccb63f03fded4a18ed0a9bc9ae2f32e28f6be97acda3d272fa84e9d3c1b8ff001ccd50298378a2f3b4481ab763fb671207b6092ec335dbd0e735eacb098a4c4f98d1d47c1dcfb45ac8d5135fe8b82cb7e62e9df422629e2522e73308b30f79fee6036767e3cc54861af6e8d518f319a0b84b7c40ab8a747694662da3b789434b7fbbf421a0d87e663e0a94658b0cc3fa8c7adb044b349851869b4bb796d0fb3bc8e712f54a57dc7f1160e2c97041661426fb45979fe837a4e706f0e6259de5d99d7a5e25dc0e9322ae67fa888d245fd04c919c4dbd83cb0855f2420f5e533d8f4eff0013479e8e4461781d99e475210dc7ee4562c09dbecb9e66fab0b2b59565f4643736c21df2f9fea18169acdb986cb1238d5d1cbbff0064001eced1d64f5e87354d332d1b3015982b90e14fc40fb72f5b95eefe1031d335ef446d6424f65fccb407e595028d5a318bd06fc9040bc8457759e6fb2286b1ce5c45c22adecff3d73b58de4d21bc61476bff00449c9c17ec9881512c82202b5a9329154bddcb33c349a293be63f2c11825a0393756044765405193012df6a71f42aeb982b1bc63b4235bbf522004ee32f4ddbcd91d679fb180cc40f6c99d61cbda7001a742432fe69393d1868d9f5be8565123011967dca5f3dc78e213dce37238b4362e5bd6286f5e7b458a8eced303317da213e822348f380cbaa2c5f88cca7acef91ced003d7de6ff00613ee7885e85082fd00dbff65609f91e654a8935904fc37b4c99f272fe4476b1d9d28992258d41d883222dbfe12145d9045165904ddba9da353d17c72c0954c4c26398b055617fe826a74bd90e869d10f558590be883cc2b6aa09f07566fc3e602f47547bb1bf6052ebca8f135c7e018b6c9e460eac138858bcdcd7be62062ba1f93dfa01965d391c4404770f43b4a4ca6a70bb8f5103e3368d9b9e22854f4c0769a17d8b0c56ba921d959f536ed0b607245d0489419980bf497f6c033703d9269f88e0fa3a1189292004f6d2e76fe79a3fbed228ad3bc20197bac79657cb002881f4319a101c0ddcc3dd80ce9e84cf9822c6671c5c1dd8abc2086c7bc47659b95ad0386596bbc316f83f99444d17357862de57941534d6b217ea108cf70fb9e239e6a3fe368246852683c4361151d6e04321a0e71bb30fef2c0a50c45e5547a22e52ff3841441f42c63d1a26d577da5aba3bc17afb4c4074bd10d620662a3e19de412c0b99fca7c43c206b540aaa373f09811b8f92d8564cd6f7732806f1e8cb1bde139a3e23fdc0ff1d1e5bb33a72f530b8cbe86dbb180499f8413d07f75a2ff008607d99ff93196e3eaf98d5713680207d0bd2e2f425b661e1d998e29183acc3ebbc6eedd70cc48d55a56134babf44560db562ab7574f12f13046d18e4fed2d0e2efa8da9955d98252a2c488af3d18a1e87e39769ee0544ebe90034082c76eba6f8fa31dd3d6d8d7343101425fc706cc7edc05aa27fd6ccb289dd4df156bad07b9e60875b8bd165c7ab76b1f17e279f6ec65b9ae078634516c4e30450ae7f10cdac1013a08adb9a1ef34f73741fd4603a573d86efe7b4537f151f825bbd0e59bde7e8d35c74705c0dfcafa4693c0c55596b12c09bfdb55c7d0731687cecc7ce00c0951e84d10972e5cb8c2fd37b756c953a42564cdbbaedba65418f087fd26a8ecbff00a2cd245b53b6f76f1952c1f072a6184417e23a3fd89d9a4d7e9fcba597bacaadc3ef94241de353028eafc1106dbf93f6a6c0f09a5b3cbaf45161f1b7420f45f45c7f45cdf5894a20ce676cede315bce07c3c424c7f282f2c2930c64fa2e49e6186c3eb7a650ca26859b9d131fde4aa1bc1a15f90969c43e7f6ee91db3cf43e82ff004b457039f30d3bb04398ba1c3e6502800ed1577b1f4558d4953bfe9077d3e320006863aba2ef1c41c4c26aff00852f2f0353f6ef819363faea9216f13118995ef283a68970efd7cc4ab3a9fa69be5e30fa104a60dfd0bc4ec8b99a5ed81fb6ca011257b9094e71fab74b6cc455ab17a315226d2a7967a057d838fd374e0d08ad8fa4029d222f46c604c9a4ade9ff002400558feb5c00b748377485970b74621c3d414e1a32a237d9af4b720f0c435f6e6a81e4fd1c735c3e865247e8bf5759fae294c3c9f8471cda139212a3cee3f55c01d912ca340b6890c6a55db88a4a688f9997bd1d82b90663783a58c6bb22ae001fc8c23c4b55ccd2b924aa192346d37ccd3bcbc829addf894ff7a8ccb06bc4e47fa84b6d774d403eb6736c206cf53c051d7847476077b984a372096abf3111a71fa4b45bb4cecd72fd101b31e21690c88e9a0d1e4fd40a650d1330bbd2f0443ae653383328a06e333e56bb1a42733a606c816af4200c192e08a4c691b3554cef2b0ec1ef09c02518703d10752e66f2768fb11b01f0f4eff8fd3b4efdccb0ab9043f5bed2e0c380a820c1c7d067cd33ce9c3acac30f7fa0c0ac61337766254dd14355744dd155d370f14d0e950a3b0fa1d272594870d266ae51c27daea1b409de6752fa401b713beff1d12f58a6bedcae8805c106c4c53763c328144426419b0bb52d68bb4163899ff50896c3995e12e2f3add13733472423d07e9fffda000c03010002000300000010f3cf3cf3cf3cf3cf3cf3cf38c38d30f3cf3cf3cf3cf3cf3cf3cf3cf3cf3cf3cf3cf3cf3cc534bf454f3cf3cf3cf3cf3cf3cf3cf3cf3cf3cf34e3cf30b221cca0a4d1f3cf3cf3cf3cf3cf3cf3cf3cf3ce0db6434af9fabed46acbdf1f3cf3cf3cf3cf3cf3cf3cf3cf3f192d9fd8efa2b61c24609bbcf3cf3cf3cf3cf3cf3cf3cf3c969b7fa86f921b36dffa5cc00b0d3cf3cf3cf3cf3cf3cf3cf061399cb2e509c78d231304e30db0f3cf3cf3cf3cf3cf3cf28a7df598674f6a26791df653856cf3cf3cf3cf3cf3cf3cf3c11e9798393084258d117a6e4935c78f3cf3cf3cf3cf3cf3cf0843df4047cc4199f9e09394e1939bbcf3cf3cf3cf3cf3cf3cf26649b2f05ec5f1f3186bb63a43d467cf3cf3cf3cf3cf3cf3c1458082eeebf9dfff00acc3193030b98f3cf3cf3cf3cf3cf3cf052a15738febe67af7a3a37ee200c7ccf3cf3cf3cf3cf3cf3cf73c7ca525e3ac7ce7eaa1a245cb55f3cf3cf3cf3cf3cf3cf3a61a7617416bff00c5e50d079ec150d3cf3cf3cf3cf3cf3cf3cf2d26c21aea23bf72ac3ebeab38c57f3cf3cf3cf3cf3cf3cf3cc84f348efee64dc0d88c398c95dbbcf3cf3cf3cf3cf3cf3cf3cf3ba4065dbea3d53e8283c4a47cf3cf3cf3cf3cf3cf3cf3cf3ce542dacba25caf8da6fe0b3cf3cf3cf3cf3cf3cf3cf3cf3cf2c2bbd9fc85266ed919913cf3cf3cf3cf3cf3cf3cf3cf3cf3cf3cb767a379a5ba1ed91cf3cf3cf3cf3cf3cf3cf3cf3cf3cf3cf1a27229f5f2aa285c33cf3cf3cf3cf3cf3cf3cf3cf3cf3cf3c1bad967916a3da8034f3cf3cf3cf3cf3cf3cf3cf3cf3cf3cf3520755e38fdf786c73cf3cf3cf3cf3cf3cf3cf3cf3cf3cf3cc10edceff1f70f5534f3cf3cf3cf3cf3cf3cf3cf3cf3cf3cb34142eda8f25cac5073cf3cf3cf3cf3cf3cf3cf3cf3cf3cf33c9999fd960cfb1585cd3cf3cf3cf3cf3cf3cf3cf3cf3cf30dfecc31ea3c770ceeee3cf3cf3cf3cf3cf3cf3cf3cf3cf3ca7f6a35ba5f344af6909067cf3cf3cf3cf3cf3cf3cf3cf355cc3557f5c54aab612775011d3cf3cf3cf3cf3cf3cf3ce180b7971ad4b167af5d7369a4dff0f3cf3cf3cf3cf3cf3c8104c71df2a55653197cc8f6d7d676a98f3cf3cf3cf3cf3ce1cb0e4cd0cdf4f8ae5db242f7df6170b834f3cf3cf3cf3cf3cf19579b5df7df72fe61e177df7df5ef65e7cf3cf3cf3ce3cc30c0400137df575afcff0077df7df7957db6817cf3cf3cf28584558009e406714874f3a25035d70039e34e4873cf3cf3cf3cf3cf3cf3cf3cf0003cf3c81df7d81c71c84101cf3cf3ffc4001f1100030002030101010100000000000000000111102120314030415051ffda0008010301013f10fe8358911a1a11f6578f630d4f22546a6126c4c29166f074353c496c918e8412e2c58a27bc1693c3d89795c3cbc9a1887834e85f0fdc42130990e9e06d73a362cd13c3c1f85445294a52620d89e263b1af813b97858484b32b1705a62bf03b90434221083e6fa16ce828353ec883a0d89f21620b87d082eb1fa7d976243a1f7943e8bac21bd092cfe08741a175f646c14fd16de1171bc4366de3f0e874c3e9fddc75123109e265978afc2c28fafbea3a09a3a1162610c622619f828c51fdd30868a9a17c1e2e10d9fe5e24f8a94a2c21f6698b597c486d94452133063637e6616c4420c84c31b45f3bec4c43e2cebe87d8843e3dfa6dbcb265bc3fa11d334a51e3b7a128b108244ca77e84108784f1064d3f3a426b8a1970c7e651707984c2796c4884f8362c4c7e8d2686a383f0a57025ae34c8c4a14636258a0d7818c4a8fce084584c1656216fbd44a704b1066c86e0d45882cb2bf543263cccc21a0d7109c7f7ef366714b1f841f25f4a133112902e4785f168873585c5c2a289d0825209440d6c4e209ac354246543684d151d9d7d09b130dd2c2b2b626d0db6310fc7ffc4001e11000203010101010101000000000000000111001020403050312160ffda0008010201013f10ff0028a8f48822ca8a2e314a2b162bf23b5f0970ad3a14e38e3a3478078086842228b9d4591fc8fa9e00c7f747dc69645ac11c4f808e75d2f03e3b8fa808b0686cfb8f5192785f90a344f37e58860822a3cce8d3c0a3d028c18147a058d1e818793d26d45159eb1a3d26868f388058c931f38c0c134a2ea030adf28140d0a7662e554e03a7b0390d0cba7810fb834c4760cfdf822cedf381678df9831c7f4bffc4002a10010002010303030403010101000000000100112131415161718191a1b110c1d1f04050e12030f1ffda0008010100013f10a95fd05cb97fdedc220d7106d11f3292c96313680608e8dff717de141836068ee768db17086bb8f7f48d919dbcb3694aa1d5086fb7f80a7a45a38e88f85fc41146f0b3d60f350c425864244b5a1abbc31b0e4e1e3fb55a333d0dd8c51ecc84e071d634e01d99d5ebc9b41a4cb40a0835f4e820d68c5508da89772c6e1a39efec7a99ef047442ef2ade68da61f6306e1fd65ffd2d4cab896dbdef832f932a346b1e11b11d7eaa5d5cc0e9ed2978b22a64b3a45c333003d826c8cd39d8546e35a1f782597d16d8f9999b74d9d9fea68fade1940ea25ffc2812dcb3533c0a9b4e77abc4b12a19146d07cffcaedc8d388576fb7d2de7a9e5a86923cb7a87cc409a2cdf4cdd15bb89a8c0975c863a92cfd398745ddb7484724296c3c3dc0f0b1617fd2dcad19a2d970b8e9b61bfd0f454a1e1bb239a31c1c24b2005401aab2c4145a503ce9ef1e9af185ed34b1f0a1e5ce92d41ac1bba13109ad73b99733348405eb52b31c5539c2be6070051b43a89485bab598fc52da8bfdcef2fa519188db71825b3514821056eff00f49492120e80fbdc2b9406fee7f4b57454ea9684a52ad259bab01458006e846daca0b6959731446cb2f49d17acb256d95384ff0025d2ec36b57d98dcb0c6e3d8ff0063c8977163c414d23561e0551e910f2c41d8ca256af717a46486663d4f8213b815f560093016c4161caf5a820de1bcc4503d1021668f499c23c73a5f06dc444a9d4cbb3ce2d111c20c3eb12c0917551197910bdb392cdce8c484e899bf079869044b1347fa34148010d9117c5dcb9c511629523e6259040e1c111cca83aa1c72422842ed2b4a4d9b8be4aa4dbdcebe2e2012c5676f53d25c1030de80c57bc605aa050f1a4a7057c587da30281a2a2f6579b115613b57b11a9a8f0bc67dd9ce4a57d15457ab63e3b4454a88195ab6a23c21d9632b01afe4113b37829fde900c4f57d63987544c7e25bcc3039147cd7ac67745d75b194914051dc6512369391496f49363c250450207000bae928b4243fa130162979544638181dc4b5b4ef35b54fb3180aa173a4eb3075cda5779556505d3a558177617a674602640eb56f666faf7d47b4c16b4f099b041dd98550073186ecaf93d8dbe8f8e07beafd5a0b516759ef012ca1e4814409cc44a0153431d87695c6db54d744fde205eb9baf0475ac1a856ff00984d37a872e15f389508b2d75eb106832dd563ba444d1b579a82f7702ee6f67980393b03d4484563d11b97fcf55da8d4cd12ae83f98c5b6b0d00a67bc1e00bd05efcc44b08772aeda935432db37f221008d5ce9cf4538a9906bcd67d60d5db1440574390581c96d255672ef2c08c6bd875613341406d325015ae7826b0497ea6feb6d4a2e91c4b489f2d0f99802aed16a33b1796205e3e52be67ba40fccca4d6550e638c730e5eae4749712aa350d76ba475acaaf542af3115b23073880397a42b2c36d50f6e73670310cec37bc00250e2699533707a113b9156ff004b8b70395c7aa2b9556bbaef2ff9deda6256ede9fea00d0d77bca9df3714e83b36b903a309cc772df0758b91bc5838d895922a7bbf273cc1d08eab0b30b59ae486b5875e2028f28f9e9f45f994228fdcf7864951328373fa1faaa1606c9945b02806eea7dd9586404f96662d9b1b6661439fb7075a0d4398411dfbf4962d9e57c985e6ad41d42b794ab502218e035b1bccae403a6f459ef02a7d08142b2dec1f329b154ce75e9e62e384a5b16ce8e606b982e72f523c51a711d6be32878ad9e188d8f0fa5e1fcc5101671a7f352e0697706bdf134e85b8f4a7ed295e0056308251b7c813ecf48855fdd1ff00e4a60705e918362c1a890b740454128435963c8328d11be5fbca25eea850762524572ac2ca14bcad0fcca60d8e57e035611ab6bbbfabf5d7d578969545daf01708805a9a0b9fc4b05d6f83bec4516a388efa224e0223ff00928336fcdd8fd57da9bed3ace813e58e0004c8a963ceb620314691ea4bcd9f2e8eaba51bca24e1840ac5f6f3865ac56048ab18dad2a68d23006b26e4f3ec7b7a3bbf52e19d4a4361a5baedcdc0c92b960f6a0f8857b9053ac15ce06120de4fe58e055fa06ac7a6738209b1e88d307440078187317d2ea010a740ee8f6bcc68ef83d1e8418985dac479f99af5a69b2edcca109194d7cc3404dc151d355671cc4683a02fc40e073b2f4d66835d4abb8c2b45ad3dbc01ccb816341a713af2cdf746234b3a32cb880caf4c27a0453d0caf4c4c6a50b045fc69e92d6893075e6ef099ce8592a83bebde026e1de5cc5b173da50ad2034d7bc21eecc08bdf87d26814a15f6c0ea601d712d3f85957b86cee435a55902680f89e0c4880e4d1ebd665e60392e73c9d665663bb5ab21351bf26e45ba403f190f88c1c8d468182bd6a051fcb2244aba25474d2f0754bab3b8111786bb6e674c4b881036adaba844aaa296760ea461bca7e0746fe7ed0a59d95d8535c73ef0958daa90c02cebc59884f46120b1a0d04003cd5c79758c7a4fa3ad6df31a98e50d60f83aeb2ad96eaefc23fd99298e4a84caed2ded93f758e179efd45fa9a3d6094814e56587018e90beb018ee565100d2744be6a50882318b6ce8ddaf92e28eb542e8d2e568e8b2849b8bb75c72e7a4c994968e9d0bbf584f2450995c3d25e6a221749dba0cde2b2a750cba854fb7f3344c09711b27b81ebd51a2af60dc99185a88ca5e7ee3cc217244e1f5b73d368261677d35f07694489c5aecdeb484f2de87873ef3509dca6bd1a8a559fa331300b382ef9567112bd74eafb42833b151a1040b65d25d6e5d2845b4f423a67d4ae97c04afc1593e9eac4a6b723a21fbbf78ab8a88de737d2d0a358b5686ab0c35ba02daba50b16a22adf86b397f87d9085f69c5f08c726283a902cd7c70d7ab18815a5afea0ae23c080b76a05fd853665b6d41e9e7ac1002295aa7f90e020eb072f682cb80f3b3f96a02ba432a2689286c0489d501a23a404d62b9a10b8b6a56d00bf26609f67dbdfa375b90a2ab09a9168412c0f607a4130351e82ea753463d8a861e9e63b82746172b311b134ca02b5e82e9de2d516b5c84a80e4601614d4387a4b000969d073de5f29f2ea757ab2daa6be9b93b0f7827a488e0d8fbf9944b98153487d016970102b2ed2d383edcc38754eb7e5776156b06b1c02cf79503c845e6d7ccd906b06e28d7c910db4ac6a33b15f7d25b1f076ae2871cc7b58519687c223e221a5951e4da051d4a3a24bc1b8170d51e9fa83d2e100c8967f299a0032b3584d3a5b8bdbb40a5e0e19f61aabc449d9446755397669a6625c68a13cdac7cc6d9cc399d812a20591bab874a685c3abae47cae20671d0eeea7de54f18d592fd14e9156e895ec94b97de4ee38db3706a97e75dfbc7a182722a2dfe50dbbc5f4dc2157f821d006e8a07a0d66a5feb5bd1fd6218c0accb05a739b0471e6b37af8757d2510d8fa39ed9c11974492c699474e91d5e901acebe830f60da6887ab3bcd27ac084676f6025d90f50bd86272d9e5fcf10eac82d3bdc1cd375a20e4293555d4634a5dba94f251f32eae5837a82fa2328aeb5abed8f8864b477e9015561d33d4d208368a256316e919d5a02f347f282acc00b1ef0c99cc8288446df4f0ed5bd743985c554cabaf44fbc2e02ceae83c54bdabdc5418b26a6f99752364960775eb38984507b187e632702240ecd5c5686c8196336de4f502c7908f522a6a78d6be91724b285e80e88105dbf479811b12eff00d55f994778306a49c429f7cc4910b732f0396de9eb137d80b0e56f3c37ed06c0e839e5eec4eff4d411440d60b56c072b898a6232f026b5569834b96e1d86f78e3e668f4a003d21aef08312aa15aac9d9fbd60c8dff003803cea55422850a26b960117ad3971fe46b404d58cb0671935010e9995d5a757ac1b2cfe58b008e13981f6c0b6218a372221f6f1d181d5474b2dabb6f1eea89889af6b841865d140d5d21343e1473bc75fce01d4cbe61c140598b41937d925b8587173a59ab14eab505bc9512361527a748f8f04a7b8458286f97a1cceb3f517ae59655e957bf40eb322c116474bafa06d00579aaf2baaca8a3483b439ca9a22a6de38b9a1d2f8d61461086d76e0e840115b0101cc0c677964d4ed1d9c309eb1f0b9970c60ed97328202cb32da8baeb289e82358058219801ada6a928a7cb7128ec303cba24e12f8581c0a0b444b1fe61205daf88334f1ed4a3efeb34da2ce300ae5be22449f8e6bb63d6e5da0c318bac8401b13536363a011f1bcd1f26c4a59747775df68d000c3f312814e12e5d854ec8d100deef845bac4df94a233854f10364ab001da389be14daa54ca33304d69519a601d519ac4cf0cf59d796e60396164085195e4f4896a583a954fb32f45d7f173145843502cf5c7ac3e6840517d9d58d928ab7567132d27c0790744dc480757480336dd357c388367f2c944b122b888a1614d1f114cb79e2031d8fbc7865a4dc834f9845a726c3d4cc78d8eee96d0c6a4991204ef57f784bcca028b9606ae30214afda6805443315470f0cf4a0fa3514ed8662b965ae679480e196b9dc97a17056b1f752c355457253ef35966ef0783d8f48c3d6c7a240a0f10fd19d2087662a5c81db3360fa98da7aa14f0f787a0803f9562b744037e64e0964f4230644d135b82608e8316233bd8235cabde28de721eac6763113cbec92f1ed0d884020045b43f098453b67e2355c087331ad6a19eb36b731343eb3a6779a89c928951c23de22a1bf12c5204bc394b3763ab68e52e590bc680b45203e333758d03be989b8830eb90f565a8673430192e9003524f7f90698ce07a4d1ab2fdbf92c5c1adbe220ebdcfd3487aeaac6d7012544ea013e6a51ac6abca9f8664e93b2f0798db8a09d6908ae8a82360b6086539adff1339f54a937e663831bb55ed131396ec57b8418d9cb2d1f0c6ba597e799a2135a3efc45454016a54e99e60f95bdec91d6e9497ef126d386df7944036f55ff00c85628389e0598e9acf81b1f9892d0bb797f1324d71f6f685914236596e3005a2c890240dc2cfb1fe4a438e0a1e63bda31f596853e9947f335a622b7d2612f9aaf93c61f58b25807921081cd2d0170582d479a6fee44b7408dd9409bc4202b761653e95d76595ac2cd893805abc4b866ac40690baa45a14faa234bada1867476cea331401ba6ebf69672b9a109c133983ba4a8add8b88d076b9739c5d0dcb8a15840f2df357f26e75ed0af9fb45545c01c08f58749461e83dbaf0cb117a6b34117d9155cd1a1d6617b2cf299fb4661a053c3301062fafd0d62e4639288f1abca5e1747de23b302bf91efcf98f1ec03e637ec543b8851274043474608dd9a066e69132d6eb53c32a4fd785cb8136b074d6520569a96caf7b80d93a7f711093142eb1ada5029608572c7c265102ac38d2274810b30760b481c17198370c09b02c8ad5310449903592258e69bf580789549be2f4f78050ea37fa724b9d0733047e619c135d224d217f18af2caaf1000816af4f3333f389c4a4610aedb30aad09aea8231a293a32c2c97a8f86a35b895b1e563a0e35a96f860a346f8892e0dfd7b12beea499a5008d957a0f0c1b87d9426766a72b63b4c5c1cb21f943f77f946fb91c373fb41b7a2bd7f244a0bbc1cc5ec00b6ab189dac35d8d575aa8c70ef16a42b0a17374161636118d6c0fbc606da53d65f3580de13a4560b57999e546d2b548f462dda0a61e474478892903546af1099a80348e856c7bccc2d181cda5ab566e6475db03015868160965c40dbd0d1322eef02f6b94c11282ccbafac4e5405a1178c400c152940b4fc1eb1d46fd869371be46983dacc806ca6d02f194080bbb10b41270a563c5c061c0c2905af70736fbccfc1f9deec1ef2d88bad3ad9285714d79fe2353e3f0c023403da1f4d1160749327b27a27edfca1a9cc608b7a3b9fb4408517707b2a5083ccb90bcec404c0c374b05bee5103e82e3699d2f7312950ce2f802262b458c8b484964d9392df7b99311583520a10295d81ea732cd81cc01e2a4c47d748021ea9c7463e9bded750be56d561946242ece2fb55b1b70d9050ff00204c0696a798064129a66cb935eb02a708cd0629cea44d7282a344c27b4116dd80cf065d2d029bc7512a373b1cafcca8e7a56545bb0650940a3686a781abde683c607a04bb99ee9a29f105f7c6fa24c4367dcbf7976abf9e80346ff5749e9b8f4f76af92bf7fe56cef33503d48984351c973bb9f0ce6915a59480c98c77bc3ecc461190d165d744fbc698a66bd44b26af9d823197df4fcbf08c0087b4a4ff8a39a9b4a293007bc3f12ad9c9654f8230136e6bb8c48a5b6ac10e331b6070f60cba19b2a560d89576360731a341a633055df11b491bb597a691500559d0712906b9d63a9c9317c0328d7a4e09a9415d832fb4625eda68768a8006360ed1943d3680e85e3730f6bf78accd8b6325fd6583af1f49a179952a625cbbc64afa4180de8f62df7fe51e3022dc5c4122e5da61888538b705b23e892f2437d557dc859aa8ccf6bfb4a6c802730095a6d8755fb4a2dd1a169616a5d97a88614af448028cd2fb9a5fc40f6003ccbd49d7089de5a803bab16b7a607777950fb41fc486136cb632b368abaafcc8a7c53334e91c4e009add3b759948d3147af9885625d337abba5fb3ed0c532cc23ddb3e8fda632bb8507b911670efb9300c9ee894a6196780dabe2031463a4616eba2f995986748450e0a1bc7301f925ce692596e748d6ce491a7d1016ca6d0aa8973b58f7661c5a69c97e3f944190aacdbac5607d1a50c9fa9eb2ee05d96a1578af480b6c2c48622d26f2855bf7018c473a5b97840613d82255b15a3804a1a06579c9cc629964eb79ba661176680d7a913f610f67f9041a260f2fae92bb82d80073498995ab7f51622f36037a1cc1bad2a81758f3bf98f79503bba8270110ad61483875ea7dc800b9094b2b90cc23a37b9947ea1b4a174bfd7a4ab67f547e0852be1add3b5cb755eb72f4666d0d50fcc595e6b8ae7d433d5004d5f418b858ce7cefba60fabb7bd7da615ad9f3368916b2cb2e8806d0ea0c728174a864f7044cd03d92fcff002ce38a3168d4b75ea6d12e4056f527ee309909684011c193ce92edca8005a9f357acddab1f99a0aec6bb8c45a8a93b09f6800b29bec30c1bab6b8174859bc2a003848f15e1001401145d01c43ff6d9d5657b1336540f91b883522f4d2028a5859a9c3e2583a6cfbf5ecebe6654c8a88155988adb997ac1212811772bf23e08ce5a692fa80025f70e5dd667b28cbe9f42cde8976e8f79886a7e0658541bcb97a7be20021db4028fe5da84da0b4fdf0bcad47a9282821cecfb575e192388d556b12f6d1b3e4b7e2209d41eb2d5d2ed4d6ab12f5a669293670ee798340a37db92743fec3967b41b3101214e195130dddb2e65459f01e5e617335d5e62decfa4a180aeb3258c53d7f5358f108c6f72e672425f454c432a89a86f2b5abeb2c06f572fe7d5ccaf9214db611281a215d7ff0093307319e310e6607960053baf6a700ddf988a19ed759c2741d4ff0035a5bc881ed6a784d83765c6e2c0a47d178075ee524092700e5556dbd29ccd2e4201687eeb2ff0027b0414202c6ba912f50d8cc0f1e25dc9410a84cf0ccd603de3b5a0da604141e7f589bc0c511453d08af0ef0df6d3594b2061c90575ed9b8b7c6d5d127341096ef001cc49a879181a00aef06d8d066fd66fbbb6f2141f114d616d51aef671d264b5562941eec460252a7bef57bb552ba8314b2b674baba182ef880854bab47a9b7921fcd4b8a86d04ea42a93016bbc08d1600b76b75680dc3b9c3295ecdbb55c22911dee27de3a69b0590a302f9bfd804383674809f4a5710d02ed6f11fa5aa35793f06931643812b63a0cb4039962b875ba88d35d86223b53ea681f3194951e756128254b31c5a9ebd7fe7cc5c4ba38de9297f975e97bc7a354e7b42610e0bdae07d210383f782e0dbe14273547e599610e16b0d4c84f6047070a9b1dcdd72c35821360c1fcfa9a207b92c1300db7e92d406646d86258962d6e81fbd632bb27ac98960e3107331f42f67c3050ced7015ac7ca304a61884ca806d5b4f5ccc1be99555b95a8f0e615a06df7082491d33cc586b2dccd8991bba7f68c236fbb61b04c94691b2b01ab02aa9b2c7286e1aed517980f0fadb2c9bd621b37c887f10bc31622052aee90a79e2d30b62b83175b441ee0643cafa42e92fadf15ade9e48fc845c9b61e3d585657081c01a4afe89869a31f94256cb1bbfe108e77577c00fac58018f7379486c14ecdcf2592b58023d1d20f58b8d2b8caf74460b6bbde50415aacf2990d19b0cf68e255391939aebd60c0db9bb95d6e0e8f1099e5a6047d3061f6693d47595a12bbd3778cb1dd3a18b8d9b53e13fda20cdb10505d7348fc79e27d2d949a65469e2299539ca844874b4b51621e521601558207f4b656b7ac1af1a4e8d3d9a88e6de1aada7b26254dc44b18086fcdb5e9eff0032d2c2d3d6e4f0dfacb972e34c1e908d3829d4ac430bba5b8201a15553465ed0168ba93afc86005567fd175756000000182b681050b80b47919756d83f7876210da885d88b3c30bd4d1f3b4be13233014d8850a984572b36fe99088ef19ce359d4e23a75844ea9dcbe615bb3e83789bd60be832fcac05aba0fb5f882290b125f59561905039421b23507fbc523daa6be60b61f4194c6b74c7f6bd7eb0f11d0f5e2f114a80b622d8795d598aaa03e8b4464d96af8dcc006102a08de8ab621858a350d5f0798c0040e8514be2187ab34ca15da15cd50f3fd458f2942c95e9a3ccb453d3aaeeea4fb41b4b87ae8ebda5161bc1d363eb2d05e45dde57a63c7d188752fbc1e87e83120a79abe206707a1000ee10b1962fa99425d7f6a357d66a3b1a47aa3557437958ad3fd38796de98956c9281c73091c840b444415d65ad29b3fea09710765551d88a3a67da5c2b093d84e5202114c1f98d0365672647f7981ce7d696c85798652a666c826a190778ef2db0fa6b193c8c3d085316758f1b11157a21c744a71a0f852bdaa3b6831740805d5779a8a930e73317d2a77afea4594cdb505bf79a89106bcd8149d44480458d5ef7865579945d0692866070fa6b322be97ba25ba4bc504da2256b51b5527aaf561bb03bc3b711ce4d3f32e2117ee657ae25ce6bb9000f988bd2310c782b719d47ec4d2afea89a074663064a4f2b54f9870cbdad4dfcb538629cb9a148e1e8d185b8684193e8d5d2786565788669133383d633e3851de6037d0797761208330bc44994afb68fe9d205554ab7a32b12bb22df0a88d135a358c9b82dccd1fd4b0911a19b8cb3441a295f8267d9f4aa00b9042651a03d86e47100108716961c8ecf58cf531ae5254a230466175e2359ef51f995307409b3d2d63f3dfe2f983de819e57f31aeb237c62644bf518c09f342d4ac37207f575e2b4bcca094256d69f21eb124a5804ea47422863f9258618dedaf87e4200014577452afa1d8c785c24de6863119061cb3226fb81842162cd3b47dde90895e52c8743cfb112dca3d0608c562fcd8953ad115a0a7e2006a32ead1bd05c27ac7860f8feaf32b646297a531b8bf7970395e22420027ac2e02d2727a275261845a73c741d7a412f68b1378350c3797e659bc5581cdb0e62c99999f8fcc32e8028680262ec92d12f5eeb3d080da9a0342ffc8785d00235ad15f698b0541bf23b2d7d1dba1d6774a179ef367eefeac620245e31ce5108c3d455107181a30841699ebd60e4700b1e89b92c2a15469c87271d202599fa10605cadec45b20329c749ae9323a12f5252f911dcec73d0eb0bb34857fb9e288c9e4a0eaeeca986ef994eca7b23145090deff00ebd65472ca8eb156abf218c1d54ab8c7fabca3d85ab7b51a8241c270f5bfa045387678983414c15af296a2b9c6fb39ad73b44db2c028e0325da995d1f496b29dc9dcf72355709475803a9a02d1b51287471a7a6b02c6e511bc63a9b905879a5017977637044f99ac6f4f64a75608d2804477d50c8d0311906d69b6fd4ff5771eeac46350b1a6addbe01665e3a95582fcddc071a25ca1d420d0e1d9848d95559b6fe25fdaeb753e92d56ec2ba964eb8a6216e7fda0a6abada1181ce375475ac17056b301195b6028c93c0ad6034129536a3da206eedfd11020058dcd5e957ef0c152ca2d3b3a4b23767f057f557f440d1907927817e22a089cdee1f0dca1adb93c4a8221c164ce0d6056237684cd612b19472bb12f55d0d2228e46898f9a556aa5de723cad664bf883aa40e56987382fc4ecb8400b1d69fa42eeb086e937193bba353227194e314fb8ff5540e88c713018aced35aa3e60c22df15baf64cccbb3e523e8a5cec43b6c670441d265357512cacd6a32c2a0358a3d41abeb898a12a086ceaba532cd2016161f79a090b8dc6912cc7a9bb22db8367485c1ba82b4fea8ad3b7da179713d161eb530ed966a631e0815468a62b8763de22db64e1b40023630d45e8c50c13226d4b32fd240a997e39f02528d0a381a7ef59920dbe26502cb394d20db4202ed43a34b63da8a3e12c542081ce82e9f152d64af2ed7107514a6360ee89e9377f52aac1796a33e98d63bd5588ea2d1f03c334bc061b712aea76837a01db59450f0aadd0f14c75a84e6c39ec9a81d98e60b9aa3e21855847455a0d566a66c9c1d5eea222063a4200960055b0696fb01aac3071835768a792b63bc15ccd8f366f030391da39c608d860f427698bd1323c4b6101b56b21dcb8971700e0f61b3fa8414dc6ced15397c0699e941ed84b0cb68aeee655b8afb655f5343b3a905560a7ae913a850ea4716c95c3e6dd07ac314df53e92ddf5a12aca21a2a50de8775c4b6268c6cd88c55aba4b06b2c4f829f6d58fa98ea3d034bf0845a1617aad5624140b579628d2c8ec4b12ad1de0fb4b21a51458900202688e970ef1a625e4476fb31597fd332836bed6f1a883a3907b8a1e660116af27e668266be2513a46d0192b4ceb2f2596a9d46db0b95cd91e30ce7436cf7dcd99bcfe10b3a061229528a85d55775cf68b4d1ba1f86030b22ca2baa7c9e5e91f8a25d8db5bbdf48ed3553cb08600080962964ed0306b2cd6bb7e8659aa60bab16ec07ac573ad9be84440c0f03111023d647c5cebaf84459fd25ca5ae1da03a1035b658a96ec1632d3553425bcd845396c86eb20f37f488585e876a82861859517b32bcd69e4e13a9b4d1b9931cf8a9897583a3a88691ea691bd308ee9da54541186c080f40ec6b114cb21df758978304f1d4fac29b8b55727abc687bc4c3b36e1c4a85eae5fa5c1724588a3c790f302e35186ba2007a13145079eb58625709eea0900d6f3b4474289d6c71e1f9fe8f308b54448b2af0b0aa031cbda207186da75f2c224095065c96f240a6da0754b0fd2b8213a65d52a1eb88028988946bcc1ba7a43f731144ed51b4eee8bbe2e22c42b446c48dec3a91d52a8dd94a2371e97cf89998354d5f66cc07c1b37631c75732831a3d57e56250367eceb3606abf465c9b4b07762ba0763056be560000da0fd587ef4234a606ff00fd99e2a0d08e0dd8e21d9ebfd1de3c0e65e4a0fd3bc4c3af91d1d7af4976970ceef796e92fabd6655833ec97393d656101c12a50f25c22cd17008cca141763b540520c602faaeb6c3e443a9d69608c40595a1e1ac1eb1bd341b909e7d2d83c9bd37cd395eacbb340212d23c1d5eb3723ade34fa9d1b31c51a1fbcc508b42dd96fce60dd232e633df53a1d226c0e8fbc7c29f7a1ca2318a1e0943d7fa1a035741ab053338f847e654a9a4c9da1bc5b90e97bee5bb0ee8c5c6602f3169a85796de4946b50eb7fbef596661b7725ca91539fab2f43f422b676daebe2dfb8c7e1ab559e11c53d098911395877d1b2367987e5ec8cb703fbccaadf8cd819066e3146027829ea6d2c38b5751d5d4a82e0a2e128ca7d6a3d775e86b122cc11cbaf46eb9f07300c9c1300144c0777d0a91c8cd993af0e6558b42bebacc1f5257d7da9fe7dcc437edb1d5940fb37e096f8d357c67f91aceff004e92b0c66188e932616250629d8d197a151dd8175c2ec5d78bd8c6dae21789606aba0eec1962a2e37a0191a78b8764adf84f18402fbb1849c2467a99b57103f51e925386651834700f0d4bc21aa2e3b76888e019c8582d6da1c4249656724b1a34fa430094bb1ac45dcf4678075634e4146d68f1b7b4f6a95d3072fb4dfe85e08b120214b63c730e40a04e5bfd120ff3540ab472c558ce367c730d235e557e5e91a71527a57b420383f6e56675863e8e93443925e59cc1b23a8e60ab4a218ab0f67d86170525f8d6e2641683bba780b09498862ba7648dc14ec6f079181720e5b8c1a960396a5d2be446240234d6f03247d726c37adeb71815d6360f94551908ec0ff53cc565e66a97734b8c38d63b7762b4889d01fb3e3bc24aa82882bb682aefa3d65a9d747bc1a9701d26a9364e25c211b7397042b4ba2ae466bfcbc7b1b065665876ad97bc13601daed1eea16b798a9147494970faf044d4759622e31c10b9817bfbe9dea5487829054c7f7863250eb7c80eff00697c3ef066f9878f4b9e9145501304d575208645f4200e105aae91e94c4db6cc00eeefc4c5087727bfae0940232868b67d9d980fb464366163b7d472ec6b2f2ef0dceb95d9c9edde077ef13afddf698832915e6743e86a9a14efff000f21826d584bb1c2b94dfcc4c6c31fc95a802e83dba9653226832f6110b11a340a828d0d095bccc50951665accb88aed2e5bd08c77abbe067c0cda97ae58ae1ba298d543739ef70db8b7558e5d1bad220d5047ab13206478202b1a7d020545acc1c5ac3bf5fc25eab6aeb0f71d06150bca0c87b32e214c8ef29f13b1c7ac2f576fdf2708d57a544829ee4b5e74d81c4370028943eeafadc07577f9963a67eaeacac7c03489859a15b9cf796e0b6d6f800ab1c9fc77e40d5637acef2c074e3bc00ad60960f4e585d5ab5dae6a5a6a9aad598358730971a4ee459d48de2b7e86b0ca928758d14fa182d149d2dc499e438e2723e1a98fc4eb9abbdd3d98ea572ab87b40a61e89e0eaf598b633e8725f432b2faa929d1e5b8c5fac17fd0408d300615c0e87a1dd687258004b4fa12d87bef025d46870713b4966db15edf57223a33ce55062b168658496eb7215e24ecf595334df7885af37ec434fe2e5d2b80d57499c2d59e9df9622578ea97ab0b4ab6ece9f4d73387994226237626e54eacb25c75fad2ad41df5879bd929251f1052c35a68807aa87b92985019bd8851dacdb1cbacb03009daada3c0825e8fba7a04354cee56a36d25b7ac773ab151acc12b0d6b85d4d1116ee21742c32b2b0bd38ff9006c54ba547b045c2b14f7efed5349a10486cf73686dccbaf921bb64be2fe7f8a62128bd431aefae65e62351366714b7a2646911e18a553ba774c34a63d7122dff00d841baa15ea5d224d3182f46efbdca1b0002e5003a61078c287561a2e7f5268fceed29ab8e8ad1e7bf58e7eb448299712b7086f0c18c1ff4323d630f0611d973ec4ba8327b551edf4e32bd1c43518d110056bdefc11281a9e07247f8dadda3640a9611e20cf28f28f08ffe24e083f35783e65ca70874887ad262fc881026500aa8b61d0aff008a9a9a07de0b52ab2bcffe56068bf30c37680074faddec5bb8e60211b12f110ef8ec5f54320bd5c6ff0019312eea3b65da1f4bef2fff0034400303760e3adb339ebf8973017f52eae27afd42e454d01bb1ed9b59e3ff0025015c016b0c65c5b11f540163ac6b656fe045baea242863093f4cc189aea6e7f0afeb512356c91ae48354e7c444028d44d224a952a54aff0093e84b303d9190c96fd0b9a2330ca12015a12168b9be1ffcc39b5ee101c0d6efff002a4ed6d0125af0f4657ab223684a00187cf084901627feb710456f40b5a8c4aca5f96a5226837bb2e685a2fb532fe8638204d68b209cd5380375ac4d46b81f7271cf24c6682f7ca24377423ff47d28533fa379ac65cb684d0224b8bd1e913ff400d47ca5ff00d0a808eb71616eec3bca923949c41aeecfc9767a4bff00cd8945545eef68d8425b285fdeb04180c9aad5513894deaf7648d4d64a4b5745e65d2511d67a07bc158ea0eca5356cca1c1886f80534e1a8f10c2560bad63d12349069b444899a875334dfcc095bc663753961d6e29b0f896b0255a0e96ee8a2c3931e188d70ea61f31c7fc5fd3a42bf78a30a13982ad031a5b2d8d1f9e92a7000053ab3a3301668c0b1454f6aaff51d028d44a892a57fd932502d8113a75ffe098ada59d7a344cb9165d9de2f7676effe95cdd920228a48dd8cbb100a00e123ea063580a9005194369c16606e689c32d08caf852a54eee932f9951806506e98948a1d1b4318d77bea79f30a903c2b5dc731806396b78e6c01a316692b986a0076489a1273a3d21dca3a3f104b3b3227fe52e90568bfb4b7b7ea117180b558eded730856eb17a8c3bba63b799a41d81f4a892ae4bb0c24b21ed608e8cc8547cfd5bd095a6b68d233d9636eac4c7acaf307890017875f68aa234a92be85c456aba1de52138ba8f99504b2dc3e9ad6256b8e7e950886823c54555aa2f882990f46ff00ed9ffaaff8cffc54a952a5769510de01e254afae7e951b456a5b0b89740b53d26450ed4d3ef28a5d36452d09551a08104d01384992478cb368d832e3f32b87f5278102545043bd6aca910ea25c36c03718612a1e92aca3a0f7eb1459fad9378df1b0087b4c82bdc84866a01edf4c69a323fa32f410b3fe7fffd9, 1);
INSERT INTO `ad_extra_info` (`link`, `file`, `ad_id`) VALUES
('test.com', 0x5b76616c75652d325d, 6);

-- --------------------------------------------------------

--
-- Table structure for table `ad_info`
--

CREATE TABLE `ad_info` (
  `ad_id` int(10) NOT NULL,
  `cost` float NOT NULL,
  `start_date` date NOT NULL,
  `end_date` date NOT NULL,
  `user_name` varchar(20) NOT NULL,
  `duration` varchar(11) NOT NULL,
  `level` varchar(11) NOT NULL,
  `area` varchar(20) NOT NULL
) ENGINE=InnoDB DEFAULT CHARSET=latin1;

--
-- Dumping data for table `ad_info`
--

INSERT INTO `ad_info` (`ad_id`, `cost`, `start_date`, `end_date`, `user_name`, `duration`, `level`, `area`) VALUES
(1, 1000, '2018-07-27', '2018-08-03', 'imrashed', '1 Week', 'High', 'More Visual'),
(6, 1, '2018-09-11', '2018-09-18', 'test', '1 week', 'High', 'More Visual');

-- --------------------------------------------------------

--
-- Table structure for table `brand_categorys`
--

CREATE TABLE `brand_categorys` (
  `brand_id` int(10) NOT NULL,
  `brand_name` varchar(20) NOT NULL,
  `category_name` varchar(20) NOT NULL
) ENGINE=InnoDB DEFAULT CHARSET=latin1;

--
-- Dumping data for table `brand_categorys`
--

INSERT INTO `brand_categorys` (`brand_id`, `brand_name`, `category_name`) VALUES
(1, 'Apple', 'Mobile'),
(2, 'Xiaomi', 'Mobile'),
(3, 'Asus', 'Computer'),
(4, 'Asus', 'Mobile'),
(5, 'Acer', 'Computer'),
(6, 'HP', 'Computer'),
(7, 'Rolex', 'Watch');

-- --------------------------------------------------------

--
-- Stand-in structure for view `brand_gad_cat`
-- (See below for the actual view)
--
CREATE TABLE `brand_gad_cat` (
`brand_name` varchar(20)
,`gadget_name` varchar(30)
);

-- --------------------------------------------------------

--
-- Table structure for table `card_info`
--

CREATE TABLE `card_info` (
  `card_no` varchar(20) NOT NULL,
  `holder_name` varchar(30) NOT NULL,
  `exp_date` date NOT NULL,
  `cvv` int(3) NOT NULL
) ENGINE=InnoDB DEFAULT CHARSET=latin1;

--
-- Dumping data for table `card_info`
--

INSERT INTO `card_info` (`card_no`, `holder_name`, `exp_date`, `cvv`) VALUES
('4628-7033-1018-5692', 'RASHED AHMED RAHAT', '2020-06-29', 354);

-- --------------------------------------------------------

--
-- Table structure for table `company_info`
--

CREATE TABLE `company_info` (
  `price_id` int(10) NOT NULL,
  `name` varchar(20) NOT NULL,
  `company_gadget_link` varchar(1000) NOT NULL
) ENGINE=InnoDB DEFAULT CHARSET=latin1;

--
-- Dumping data for table `company_info`
--

INSERT INTO `company_info` (`price_id`, `name`, `company_gadget_link`) VALUES
(1, 'Daraz', 'https://www.daraz.com.bd/asus-x540ya-e1-7010-notebook-dual-core-silver-246631.html'),
(3, 'Ryans', 'https://ryanscomputers.com/asus-x540ya-amd-e1-6010-1-35ghz-4gb-1333mhz-500gb-15-6-inch-hd-1366x768-display-silver-gradient-notebook-with-free-dos-xo649d.html'),
(5, 'Ryans', 'https://ryanscomputers.com/hp-14-bw077au-amd-dual-core-e2-9000e-1-5-2-0ghz-4gb-ddr4-500gb-dvd-rw-14-1-inch-black-notebook-with-win-10-home-1-yr-warranty-3gm14pa.html'),
(6, 'Daraz', 'https://www.daraz.com.bd/hp-3gm14pa-14-bw077au-dual-core-e2-9000e-4-gb-ram-500gb-hdd-amd-radeon-r2-graphics-14.1-notebook-black-630522.html'),
(2, 'Pickaboo', 'https://www.pickaboo.com/iphone-x-64gb.html?gclid=CjwKCAjwwJrbBRAoEiwAGA1B_dv1SgiOl9VPdF0GBZmYQ_CyjNCT75-AHDzbEQUYgDYb4mdNosXMJhoCgksQAvD_BwE'),
(7, 'Daraz', 'https://www.daraz.com.bd/apple-iphone-x-smartphone-5.8-3gb-ram-64gb-rom-dual-12mp-camera-space-gray-448301.html'),
(8, 'Ryans', 'https://ryanscomputers.com/acer-aspire-a315-21-28f1-amd-e2-9000-1-80-2-20ghz-4gb-ddr4-1600mhz-1tb-15-6-inch-obsidian-black-notebook-freedos-2-yr-warranty-nx-gnvsi-007.html'),
(10, 'Daraz', 'https://www.daraz.com.bd/apple-iphone-6-smartphone-4.7-1gb-ram-32gb-rom-8mp-camera-gold-776489.html'),
(11, 'Pickaboo', 'https://www.pickaboo.com/iphone-6-32gb-mobile.html');

-- --------------------------------------------------------

--
-- Stand-in structure for view `computer_specs`
-- (See below for the actual view)
--
CREATE TABLE `computer_specs` (
`processor` varchar(100)
,`processor_clock_speed` varchar(100)
,`display` varchar(100)
,`RAM` varchar(100)
,`RAM_type` varchar(100)
,`HDD` varchar(100)
,`OS` varchar(100)
,`gadget_id` int(10)
);

-- --------------------------------------------------------

--
-- Table structure for table `confirmation_type`
--

CREATE TABLE `confirmation_type` (
  `c_type_id` int(10) NOT NULL,
  `c_type_name` varchar(20) NOT NULL
) ENGINE=InnoDB DEFAULT CHARSET=latin1;

--
-- Dumping data for table `confirmation_type`
--

INSERT INTO `confirmation_type` (`c_type_id`, `c_type_name`) VALUES
(2, 'Ad'),
(1, 'User');

-- --------------------------------------------------------

--
-- Table structure for table `database_file`
--

CREATE TABLE `database_file` (
  `file_id` int(10) NOT NULL,
  `file_name` varchar(20) NOT NULL,
  `act_type` varchar(10) NOT NULL,
  `act_date` date NOT NULL,
  `user_name` varchar(20) NOT NULL
) ENGINE=InnoDB DEFAULT CHARSET=latin1;

--
-- Dumping data for table `database_file`
--

INSERT INTO `database_file` (`file_id`, `file_name`, `act_type`, `act_date`, `user_name`) VALUES
(1, 'gadto.sql', 'BackUp', '2018-07-29', 'ayesha'),
(2, 'gadto(2).sql', 'Restore', '2018-07-30', 'irashed1994');

-- --------------------------------------------------------

--
-- Stand-in structure for view `e_commerce_company_review`
-- (See below for the actual view)
--
CREATE TABLE `e_commerce_company_review` (
`user_name` varchar(20)
,`rating` int(2)
,`comment` varchar(100)
,`recommend` varchar(3)
,`post_date` date
,`gadget_name` varchar(30)
);

-- --------------------------------------------------------

--
-- Table structure for table `gadget_categorys`
--

CREATE TABLE `gadget_categorys` (
  `category_name` varchar(20) NOT NULL
) ENGINE=InnoDB DEFAULT CHARSET=latin1;

--
-- Dumping data for table `gadget_categorys`
--

INSERT INTO `gadget_categorys` (`category_name`) VALUES
('Computer'),
('Mobile'),
('Watch');

-- --------------------------------------------------------

--
-- Table structure for table `gadget_info`
--

CREATE TABLE `gadget_info` (
  `gadget_id` int(10) NOT NULL,
  `gadget_name` varchar(30) NOT NULL,
  `category_name` varchar(20) NOT NULL,
  `brand_id` int(10) NOT NULL,
  `specs_category_id` int(10) NOT NULL
) ENGINE=InnoDB DEFAULT CHARSET=latin1;

--
-- Dumping data for table `gadget_info`
--

INSERT INTO `gadget_info` (`gadget_id`, `gadget_name`, `category_name`, `brand_id`, `specs_category_id`) VALUES
(5, 'iPhoneX', 'Mobile', 1, 2),
(7, 'Xiaomi Mi A2 (Mi 6X)', 'Mobile', 2, 2),
(8, 'Asus X540YA', 'Computer', 3, 1),
(9, 'Acer Aspire A315-21 28F1', 'Computer', 5, 1),
(10, 'HP 14-BW077AU', 'Computer', 6, 1),
(11, 'Rolex WRM13', 'Watch', 7, 3),
(12, 'iPhone 6', 'Mobile', 1, 2);

-- --------------------------------------------------------

--
-- Stand-in structure for view `gadget_review`
-- (See below for the actual view)
--
CREATE TABLE `gadget_review` (
`user_name` varchar(20)
,`rating` int(2)
,`comment` varchar(100)
,`recommend` varchar(3)
,`post_date` date
,`gadget_name` varchar(30)
,`gadget_id` int(10)
);

-- --------------------------------------------------------

--
-- Stand-in structure for view `gad_spcs_cat`
-- (See below for the actual view)
--
CREATE TABLE `gad_spcs_cat` (
`specs_name` varchar(20)
,`gadget_name` varchar(30)
);

-- --------------------------------------------------------

--
-- Table structure for table `leave_info`
--

CREATE TABLE `leave_info` (
  `leave_id` int(10) NOT NULL,
  `leave_type` varchar(9) NOT NULL,
  `leave_date` date NOT NULL,
  `user_name` varchar(20) NOT NULL
) ENGINE=InnoDB DEFAULT CHARSET=latin1;

--
-- Dumping data for table `leave_info`
--

INSERT INTO `leave_info` (`leave_id`, `leave_type`, `leave_date`, `user_name`) VALUES
(1, 'Temporary', '2018-07-28', 'ayesha');

-- --------------------------------------------------------

--
-- Stand-in structure for view `mobile_specs`
-- (See below for the actual view)
--
CREATE TABLE `mobile_specs` (
`display` varchar(100)
,`camera` varchar(100)
,`RAM` varchar(100)
,`battery` varchar(100)
,`gadget_id` int(10)
);

-- --------------------------------------------------------

--
-- Stand-in structure for view `normaladminlist`
-- (See below for the actual view)
--
CREATE TABLE `normaladminlist` (
`user_name` varchar(20)
);

-- --------------------------------------------------------

--
-- Table structure for table `notification`
--

CREATE TABLE `notification` (
  `notification_id` int(10) NOT NULL,
  `description` varchar(100) NOT NULL,
  `notify_date` date NOT NULL,
  `from_whom` varchar(20) NOT NULL,
  `to_whom` varchar(20) NOT NULL
) ENGINE=InnoDB DEFAULT CHARSET=latin1;

--
-- Dumping data for table `notification`
--

INSERT INTO `notification` (`notification_id`, `description`, `notify_date`, `from_whom`, `to_whom`) VALUES
(1, 'Your requested ad is now promoting', '2018-07-27', 'Tamanna', 'imrashed'),
(2, 'You have a leave request', '2018-07-28', 'ayesha', 'irashed1994');

-- --------------------------------------------------------

--
-- Table structure for table `payment_info`
--

CREATE TABLE `payment_info` (
  `pay_id` int(10) NOT NULL,
  `pay_method` varchar(20) NOT NULL,
  `ad_id` int(10) NOT NULL,
  `card_no` varchar(20) NOT NULL
) ENGINE=InnoDB DEFAULT CHARSET=latin1;

--
-- Dumping data for table `payment_info`
--

INSERT INTO `payment_info` (`pay_id`, `pay_method`, `ad_id`, `card_no`) VALUES
(1, 'VISA', 1, '4628-7033-1018-5692');

-- --------------------------------------------------------

--
-- Stand-in structure for view `posted_ad_info`
-- (See below for the actual view)
--
CREATE TABLE `posted_ad_info` (
`ad_id` int(10)
,`ad_status` varchar(10)
,`user_name` varchar(20)
);

-- --------------------------------------------------------

--
-- Stand-in structure for view `price_comparison`
-- (See below for the actual view)
--
CREATE TABLE `price_comparison` (
`price_id` int(10)
,`price` float
,`gadget_id` int(10)
,`name` varchar(20)
,`company_gadget_link` varchar(1000)
);

-- --------------------------------------------------------

--
-- Table structure for table `price_info`
--

CREATE TABLE `price_info` (
  `price_id` int(10) NOT NULL,
  `price` float NOT NULL,
  `gadget_id` int(10) NOT NULL
) ENGINE=InnoDB DEFAULT CHARSET=latin1;

--
-- Dumping data for table `price_info`
--

INSERT INTO `price_info` (`price_id`, `price`, `gadget_id`) VALUES
(1, 19909, 8),
(2, 104990, 5),
(3, 22600, 8),
(5, 23300, 10),
(6, 26790, 10),
(7, 100240, 5),
(8, 22300, 9),
(9, 2692, 11),
(10, 34999, 12),
(11, 34999, 12),
(12, 22800, 8);

-- --------------------------------------------------------

--
-- Table structure for table `review`
--

CREATE TABLE `review` (
  `review_id` int(10) NOT NULL,
  `post_date` date NOT NULL,
  `user_name` varchar(20) NOT NULL,
  `comment` varchar(100) NOT NULL,
  `rating` int(2) NOT NULL,
  `recommend` varchar(3) NOT NULL,
  `r_type_id` int(10) NOT NULL,
  `gadget_id` int(10) NOT NULL
) ENGINE=InnoDB DEFAULT CHARSET=latin1;

--
-- Dumping data for table `review`
--

INSERT INTO `review` (`review_id`, `post_date`, `user_name`, `comment`, `rating`, `recommend`, `r_type_id`, `gadget_id`) VALUES
(6, '2018-07-29', 'imrashed', 'Awesome phone, i love & like it.', 5, 'Yes', 1, 5),
(8, '2018-08-02', 'itsme', 'Hmm, good for home use and nice look.', 4, 'Yes', 1, 10),
(9, '2018-08-01', 'itsme', 'Kaymu, their delivery is fast.', 5, 'Yes', 2, 9),
(10, '2018-08-12', 'itsme', 'Hmm, superb', 4, 'Yes', 1, 5),
(11, '2018-09-01', 'Tamanna', 'Love n like it :)', 4, 'Yes', 1, 8);

-- --------------------------------------------------------

--
-- Table structure for table `review_type`
--

CREATE TABLE `review_type` (
  `r_type_id` int(10) NOT NULL,
  `r_type_name` varchar(20) NOT NULL
) ENGINE=InnoDB DEFAULT CHARSET=latin1;

--
-- Dumping data for table `review_type`
--

INSERT INTO `review_type` (`r_type_id`, `r_type_name`) VALUES
(1, 'Gadget'),
(2, 'E-Commerce Company');

-- --------------------------------------------------------

--
-- Table structure for table `specs_categorys`
--

CREATE TABLE `specs_categorys` (
  `specs_category_id` int(10) NOT NULL,
  `specs_name` varchar(20) NOT NULL
) ENGINE=InnoDB DEFAULT CHARSET=latin1;

--
-- Dumping data for table `specs_categorys`
--

INSERT INTO `specs_categorys` (`specs_category_id`, `specs_name`) VALUES
(1, 'Computer'),
(2, 'Mobile'),
(3, 'Watch');

-- --------------------------------------------------------

--
-- Table structure for table `specs_info_computer`
--

CREATE TABLE `specs_info_computer` (
  `specs_id` int(10) NOT NULL,
  `processor` varchar(100) NOT NULL,
  `processor_clock_speed` varchar(100) NOT NULL,
  `display` varchar(100) NOT NULL,
  `RAM` varchar(100) NOT NULL,
  `RAM_type` varchar(100) NOT NULL,
  `HDD` varchar(100) NOT NULL,
  `OS` varchar(100) DEFAULT NULL,
  `specs_category_id` int(10) NOT NULL,
  `gadget_id` int(10) NOT NULL
) ENGINE=InnoDB DEFAULT CHARSET=latin1;

--
-- Dumping data for table `specs_info_computer`
--

INSERT INTO `specs_info_computer` (`specs_id`, `processor`, `processor_clock_speed`, `display`, `RAM`, `RAM_type`, `HDD`, `OS`, `specs_category_id`, `gadget_id`) VALUES
(5, 'AMD E1-6010', '1.35GHz', '15.6\"', '4GB', 'DDR3L 1333MHz', '500GB', NULL, 1, 8),
(6, 'Intel Celeron Processor-N3350', '1.10-2.4GHz', '15.6\"', '4GB', 'DDR3L SDRAM 1600MHz', '500GB', 'Free DOS', 1, 9),
(7, 'AMD DUAL CORE E2-9000E', '1.5-2.0GHz', '14.1\"', '4GB', 'DDR4 1866MHz', '500GB', NULL, 1, 10);

-- --------------------------------------------------------

--
-- Table structure for table `specs_info_mobile`
--

CREATE TABLE `specs_info_mobile` (
  `specs_id` int(10) NOT NULL,
  `display` varchar(100) NOT NULL,
  `camera` varchar(100) NOT NULL,
  `RAM` varchar(100) NOT NULL,
  `battery` varchar(100) NOT NULL,
  `specs_category_id` int(10) NOT NULL,
  `gadget_id` int(10) NOT NULL
) ENGINE=InnoDB DEFAULT CHARSET=latin1;

--
-- Dumping data for table `specs_info_mobile`
--

INSERT INTO `specs_info_mobile` (`specs_id`, `display`, `camera`, `RAM`, `battery`, `specs_category_id`, `gadget_id`) VALUES
(3, '5.8\"', '12MP', '3GB', '2716mAh', 2, 5),
(4, '5.99\"', '20MP', '6GB', '3000mAh', 2, 7),
(5, '4.7\"', '8 MP', '1 GB', '1810mAh', 2, 12);

-- --------------------------------------------------------

--
-- Table structure for table `user`
--

CREATE TABLE `user` (
  `id` int(11) NOT NULL,
  `uname` varchar(100) NOT NULL,
  `email` varchar(100) NOT NULL,
  `pass` varchar(100) NOT NULL,
  `fname` varchar(100) NOT NULL,
  `lname` varchar(100) NOT NULL,
  `phone` int(15) NOT NULL,
  `type` varchar(10) NOT NULL,
  `status` varchar(20) NOT NULL
) ENGINE=InnoDB DEFAULT CHARSET=latin1;

--
-- Dumping data for table `user`
--

INSERT INTO `user` (`id`, `uname`, `email`, `pass`, `fname`, `lname`, `phone`, `type`, `status`) VALUES
(8, 'rashed', 'rashed@outlook.com', '876543210', 'Rashed', 'Ahmed', 1633179767, 'sa', 'always active'),
(9, 'tama', 'tama@gmail.com', '12345678', 'Ayesha', 'Tamanna', 123456789, 'user', 'active'),
(12, 'Rahat', 'rahat@gmail.com', '22222222', 'Rashed', 'Ahmed', 1712345678, 'user', 'active'),
(15, 'RahateFesf', 'rahat@gmail.com', '22222222', 'Rashed', 'Ahmed', 1712345678, 'user', 'pending'),
(17, 'arman0010fEf', 'tipu0010@gmail.com', '11111111', 'Arman', 'Hossen', 1676568244, 'user', 'blocked'),
(18, 'abcafdfa', 'abc@gmail.com', '555555555', 'abc', 'xyz', 4984239, 'user', 'pending'),
(19, 'abc', 'abc@hotmail.com', '5555555555', 'Mr', 'Abc', 12345689, 'user', 'active'),
(21, 'tipu', 'arman@gmail.com', '44444444444', 'tipu', 'Hossen', 1676568244, 'user', 'active'),
(22, 'itsme', 'itsme@gmail.com', '1234567890', 'Its', 'Me', 1234560, 'admin', 'active');

-- --------------------------------------------------------

--
-- Table structure for table `user_confirmation`
--

CREATE TABLE `user_confirmation` (
  `u_conf_id` int(10) NOT NULL,
  `user_name` varchar(20) NOT NULL,
  `c_type_id` int(10) NOT NULL,
  `u_status` varchar(10) NOT NULL
) ENGINE=InnoDB DEFAULT CHARSET=latin1;

--
-- Dumping data for table `user_confirmation`
--

INSERT INTO `user_confirmation` (`u_conf_id`, `user_name`, `c_type_id`, `u_status`) VALUES
(1, 'itsme', 1, 'Pending');

-- --------------------------------------------------------

--
-- Table structure for table `user_info`
--

CREATE TABLE `user_info` (
  `user_name` varchar(20) NOT NULL,
  `email` varchar(40) NOT NULL,
  `pass` varchar(30) NOT NULL,
  `first_name` varchar(20) NOT NULL,
  `last_name` varchar(20) NOT NULL,
  `phone` varchar(14) NOT NULL,
  `gender` varchar(6) NOT NULL,
  `u_type_name` varchar(2) NOT NULL,
  `status` varchar(20) NOT NULL
) ENGINE=InnoDB DEFAULT CHARSET=latin1;

--
-- Dumping data for table `user_info`
--

INSERT INTO `user_info` (`user_name`, `email`, `pass`, `first_name`, `last_name`, `phone`, `gender`, `u_type_name`, `status`) VALUES
('arman0010', 'tipu@gmail.com', '00000000', 'Arman', 'Hossen', '01676568244', 'Male', 'sa', 'active'),
('ayesha', 'ayesha@gmail.com', '1234567890', 'Ayesha', 'Akhter', '01684313772', 'Female', 'na', 'active'),
('eva0010', 'eva@gmail.com', '00000000', 'Eva', 'Mony', '01676568244', 'Female', 'na', 'active'),
('imrashed', 'imrashedrahat@gmail.com', 'imRAR1994', 'Rashed', 'Rahat', '01633179767', 'Male', 'nu', 'active'),
('irashed1994', 'rashedrahat@outlook.com', 'rashed1994', 'Rashed', 'Ahmed', '01512349876', 'Male', 'sa', 'active'),
('itsme', 'itsme@gmail.com', 'itsme2018', 'Its', 'Me', '01712345678', 'Other', 'nu', 'active'),
('rashed', 'rashed@yahoo.com', '12345678', 'Rashed', 'Ahmed', '01778620485', 'Male', 'sa', 'active'),
('rashed1994', 'rashedrahat@gmail.com', '0123456789', 'Rashed', 'Ahmed', '01633176797', 'Male', 'na', 'active'),
('rpm.shuvo', 'rpm.shuvo@gmail.com', 'rpm.shuvo', 'Shuvo', 'Hasan', '01612345678', 'Male', 'nu', 'blocked'),
('Shuvo', 'shuvo@gmail.com', 'shuvo.rpm', 'Mehedi', 'Shuvo', '01633171423', 'Male', 'na', 'pending'),
('Tamanna', 'tamanna@yahoo.com', '0123456789', 'Ayesha', 'Tamanna', '01680000', 'Female', 'nu', 'active'),
('test', 'test@gmail.com', '123456789', 'Test', 'Test', '01633179767', 'Other', 'nu', 'pending');

-- --------------------------------------------------------

--
-- Structure for view `ad_activated_info`
--
DROP TABLE IF EXISTS `ad_activated_info`;

CREATE ALGORITHM=UNDEFINED DEFINER=`root`@`localhost` SQL SECURITY DEFINER VIEW `ad_activated_info`  AS  select `ad_confirmation`.`ad_id` AS `ad_id`,`ad_confirmation`.`ad_status` AS `ad_status` from `ad_confirmation` where ((`ad_confirmation`.`ad_status` = 'Active') or (`ad_confirmation`.`ad_status` = 'Expire')) ;

-- --------------------------------------------------------

--
-- Structure for view `ad_confirmation_info`
--
DROP TABLE IF EXISTS `ad_confirmation_info`;

CREATE ALGORITHM=UNDEFINED DEFINER=`root`@`localhost` SQL SECURITY DEFINER VIEW `ad_confirmation_info`  AS  select `ad_confirmation`.`ad_conf_id` AS `ad_conf_id`,`ad_confirmation`.`ad_id` AS `ad_id` from `ad_confirmation` where (`ad_confirmation`.`ad_status` = 'Pending') ;

-- --------------------------------------------------------

--
-- Structure for view `brand_gad_cat`
--
DROP TABLE IF EXISTS `brand_gad_cat`;

CREATE ALGORITHM=UNDEFINED DEFINER=`root`@`localhost` SQL SECURITY DEFINER VIEW `brand_gad_cat`  AS  select `brand_categorys`.`brand_name` AS `brand_name`,`gadget_info`.`gadget_name` AS `gadget_name` from (`brand_categorys` join `gadget_info` on((`brand_categorys`.`brand_id` = `gadget_info`.`brand_id`))) ;

-- --------------------------------------------------------

--
-- Structure for view `computer_specs`
--
DROP TABLE IF EXISTS `computer_specs`;

CREATE ALGORITHM=UNDEFINED DEFINER=`root`@`localhost` SQL SECURITY DEFINER VIEW `computer_specs`  AS  select `specs_info_computer`.`processor` AS `processor`,`specs_info_computer`.`processor_clock_speed` AS `processor_clock_speed`,`specs_info_computer`.`display` AS `display`,`specs_info_computer`.`RAM` AS `RAM`,`specs_info_computer`.`RAM_type` AS `RAM_type`,`specs_info_computer`.`HDD` AS `HDD`,`specs_info_computer`.`OS` AS `OS`,`specs_info_computer`.`gadget_id` AS `gadget_id` from `specs_info_computer` ;

-- --------------------------------------------------------

--
-- Structure for view `e_commerce_company_review`
--
DROP TABLE IF EXISTS `e_commerce_company_review`;

CREATE ALGORITHM=UNDEFINED DEFINER=`root`@`localhost` SQL SECURITY DEFINER VIEW `e_commerce_company_review`  AS  select `review`.`user_name` AS `user_name`,`review`.`rating` AS `rating`,`review`.`comment` AS `comment`,`review`.`recommend` AS `recommend`,`review`.`post_date` AS `post_date`,`gadget_info`.`gadget_name` AS `gadget_name` from (`review` join `gadget_info` on((`review`.`gadget_id` = `gadget_info`.`gadget_id`))) where (`review`.`r_type_id` = 2) ;

-- --------------------------------------------------------

--
-- Structure for view `gadget_review`
--
DROP TABLE IF EXISTS `gadget_review`;

CREATE ALGORITHM=UNDEFINED DEFINER=`root`@`localhost` SQL SECURITY DEFINER VIEW `gadget_review`  AS  select `review`.`user_name` AS `user_name`,`review`.`rating` AS `rating`,`review`.`comment` AS `comment`,`review`.`recommend` AS `recommend`,`review`.`post_date` AS `post_date`,`gadget_info`.`gadget_name` AS `gadget_name`,`gadget_info`.`gadget_id` AS `gadget_id` from (`review` join `gadget_info` on((`review`.`gadget_id` = `gadget_info`.`gadget_id`))) where (`review`.`r_type_id` = 1) ;

-- --------------------------------------------------------

--
-- Structure for view `gad_spcs_cat`
--
DROP TABLE IF EXISTS `gad_spcs_cat`;

CREATE ALGORITHM=UNDEFINED DEFINER=`root`@`localhost` SQL SECURITY DEFINER VIEW `gad_spcs_cat`  AS  select `specs_categorys`.`specs_name` AS `specs_name`,`gadget_info`.`gadget_name` AS `gadget_name` from (`specs_categorys` join `gadget_info` on((`specs_categorys`.`specs_category_id` = `gadget_info`.`specs_category_id`))) ;

-- --------------------------------------------------------

--
-- Structure for view `mobile_specs`
--
DROP TABLE IF EXISTS `mobile_specs`;

CREATE ALGORITHM=UNDEFINED DEFINER=`root`@`localhost` SQL SECURITY DEFINER VIEW `mobile_specs`  AS  select `specs_info_mobile`.`display` AS `display`,`specs_info_mobile`.`camera` AS `camera`,`specs_info_mobile`.`RAM` AS `RAM`,`specs_info_mobile`.`battery` AS `battery`,`specs_info_mobile`.`gadget_id` AS `gadget_id` from `specs_info_mobile` ;

-- --------------------------------------------------------

--
-- Structure for view `normaladminlist`
--
DROP TABLE IF EXISTS `normaladminlist`;

CREATE ALGORITHM=UNDEFINED DEFINER=`root`@`localhost` SQL SECURITY DEFINER VIEW `normaladminlist`  AS  select `user_info`.`user_name` AS `user_name` from `user_info` where ((`user_info`.`u_type_name` = 'na') and (`user_info`.`status` = 'active')) ;

-- --------------------------------------------------------

--
-- Structure for view `posted_ad_info`
--
DROP TABLE IF EXISTS `posted_ad_info`;

CREATE ALGORITHM=UNDEFINED DEFINER=`root`@`localhost` SQL SECURITY DEFINER VIEW `posted_ad_info`  AS  select `ad_confirmation`.`ad_id` AS `ad_id`,`ad_confirmation`.`ad_status` AS `ad_status`,`ad_confirmation`.`user_name` AS `user_name` from `ad_confirmation` ;

-- --------------------------------------------------------

--
-- Structure for view `price_comparison`
--
DROP TABLE IF EXISTS `price_comparison`;

CREATE ALGORITHM=UNDEFINED DEFINER=`root`@`localhost` SQL SECURITY DEFINER VIEW `price_comparison`  AS  select `price_info`.`price_id` AS `price_id`,`price_info`.`price` AS `price`,`price_info`.`gadget_id` AS `gadget_id`,`company_info`.`name` AS `name`,`company_info`.`company_gadget_link` AS `company_gadget_link` from (`price_info` join `company_info` on((`price_info`.`price_id` = `company_info`.`price_id`))) ;

--
-- Indexes for dumped tables
--

--
-- Indexes for table `ad_confirmation`
--
ALTER TABLE `ad_confirmation`
  ADD PRIMARY KEY (`ad_conf_id`),
  ADD KEY `ad_id` (`ad_id`),
  ADD KEY `user_name` (`user_name`),
  ADD KEY `c_type_id` (`c_type_id`);

--
-- Indexes for table `ad_extra_info`
--
ALTER TABLE `ad_extra_info`
  ADD PRIMARY KEY (`link`),
  ADD KEY `ad_id` (`ad_id`);

--
-- Indexes for table `ad_info`
--
ALTER TABLE `ad_info`
  ADD PRIMARY KEY (`ad_id`),
  ADD KEY `user_name` (`user_name`);

--
-- Indexes for table `brand_categorys`
--
ALTER TABLE `brand_categorys`
  ADD PRIMARY KEY (`brand_id`),
  ADD KEY `category_name` (`category_name`);

--
-- Indexes for table `card_info`
--
ALTER TABLE `card_info`
  ADD PRIMARY KEY (`card_no`);

--
-- Indexes for table `company_info`
--
ALTER TABLE `company_info`
  ADD KEY `price_id` (`price_id`);

--
-- Indexes for table `confirmation_type`
--
ALTER TABLE `confirmation_type`
  ADD PRIMARY KEY (`c_type_id`),
  ADD KEY `c_type_name` (`c_type_name`);

--
-- Indexes for table `database_file`
--
ALTER TABLE `database_file`
  ADD PRIMARY KEY (`file_id`),
  ADD KEY `user_name` (`user_name`);

--
-- Indexes for table `gadget_categorys`
--
ALTER TABLE `gadget_categorys`
  ADD PRIMARY KEY (`category_name`);

--
-- Indexes for table `gadget_info`
--
ALTER TABLE `gadget_info`
  ADD PRIMARY KEY (`gadget_id`),
  ADD KEY `category_name` (`category_name`),
  ADD KEY `brand_id` (`brand_id`),
  ADD KEY `specs_category_id` (`specs_category_id`);

--
-- Indexes for table `leave_info`
--
ALTER TABLE `leave_info`
  ADD PRIMARY KEY (`leave_id`),
  ADD KEY `user_name` (`user_name`);

--
-- Indexes for table `notification`
--
ALTER TABLE `notification`
  ADD PRIMARY KEY (`notification_id`),
  ADD KEY `user_name` (`from_whom`),
  ADD KEY `user_name_2` (`to_whom`);

--
-- Indexes for table `payment_info`
--
ALTER TABLE `payment_info`
  ADD PRIMARY KEY (`pay_id`),
  ADD KEY `card_no` (`card_no`),
  ADD KEY `ad_id` (`ad_id`);

--
-- Indexes for table `price_info`
--
ALTER TABLE `price_info`
  ADD PRIMARY KEY (`price_id`),
  ADD KEY `gadget_id` (`gadget_id`);

--
-- Indexes for table `review`
--
ALTER TABLE `review`
  ADD PRIMARY KEY (`review_id`),
  ADD KEY `user_name` (`user_name`),
  ADD KEY `r_type_id` (`r_type_id`),
  ADD KEY `gadget_id` (`gadget_id`);

--
-- Indexes for table `review_type`
--
ALTER TABLE `review_type`
  ADD PRIMARY KEY (`r_type_id`);

--
-- Indexes for table `specs_categorys`
--
ALTER TABLE `specs_categorys`
  ADD PRIMARY KEY (`specs_category_id`);

--
-- Indexes for table `specs_info_computer`
--
ALTER TABLE `specs_info_computer`
  ADD PRIMARY KEY (`specs_id`),
  ADD KEY `specs_category_id` (`specs_category_id`),
  ADD KEY `gadget_id` (`gadget_id`);

--
-- Indexes for table `specs_info_mobile`
--
ALTER TABLE `specs_info_mobile`
  ADD PRIMARY KEY (`specs_id`),
  ADD KEY `specs_category_id` (`specs_category_id`),
  ADD KEY `gadget_id` (`gadget_id`);

--
-- Indexes for table `user`
--
ALTER TABLE `user`
  ADD PRIMARY KEY (`id`);

--
-- Indexes for table `user_confirmation`
--
ALTER TABLE `user_confirmation`
  ADD PRIMARY KEY (`u_conf_id`),
  ADD KEY `user_name` (`user_name`),
  ADD KEY `c_type_id` (`c_type_id`),
  ADD KEY `user_name_2` (`user_name`);

--
-- Indexes for table `user_info`
--
ALTER TABLE `user_info`
  ADD PRIMARY KEY (`user_name`);

--
-- AUTO_INCREMENT for dumped tables
--

--
-- AUTO_INCREMENT for table `ad_confirmation`
--
ALTER TABLE `ad_confirmation`
  MODIFY `ad_conf_id` int(10) NOT NULL AUTO_INCREMENT, AUTO_INCREMENT=5;

--
-- AUTO_INCREMENT for table `ad_info`
--
ALTER TABLE `ad_info`
  MODIFY `ad_id` int(10) NOT NULL AUTO_INCREMENT, AUTO_INCREMENT=7;

--
-- AUTO_INCREMENT for table `brand_categorys`
--
ALTER TABLE `brand_categorys`
  MODIFY `brand_id` int(10) NOT NULL AUTO_INCREMENT, AUTO_INCREMENT=9;

--
-- AUTO_INCREMENT for table `confirmation_type`
--
ALTER TABLE `confirmation_type`
  MODIFY `c_type_id` int(10) NOT NULL AUTO_INCREMENT, AUTO_INCREMENT=3;

--
-- AUTO_INCREMENT for table `database_file`
--
ALTER TABLE `database_file`
  MODIFY `file_id` int(10) NOT NULL AUTO_INCREMENT, AUTO_INCREMENT=3;

--
-- AUTO_INCREMENT for table `gadget_info`
--
ALTER TABLE `gadget_info`
  MODIFY `gadget_id` int(10) NOT NULL AUTO_INCREMENT, AUTO_INCREMENT=14;

--
-- AUTO_INCREMENT for table `leave_info`
--
ALTER TABLE `leave_info`
  MODIFY `leave_id` int(10) NOT NULL AUTO_INCREMENT, AUTO_INCREMENT=2;

--
-- AUTO_INCREMENT for table `notification`
--
ALTER TABLE `notification`
  MODIFY `notification_id` int(10) NOT NULL AUTO_INCREMENT, AUTO_INCREMENT=3;

--
-- AUTO_INCREMENT for table `payment_info`
--
ALTER TABLE `payment_info`
  MODIFY `pay_id` int(10) NOT NULL AUTO_INCREMENT, AUTO_INCREMENT=2;

--
-- AUTO_INCREMENT for table `price_info`
--
ALTER TABLE `price_info`
  MODIFY `price_id` int(10) NOT NULL AUTO_INCREMENT, AUTO_INCREMENT=13;

--
-- AUTO_INCREMENT for table `review`
--
ALTER TABLE `review`
  MODIFY `review_id` int(10) NOT NULL AUTO_INCREMENT, AUTO_INCREMENT=12;

--
-- AUTO_INCREMENT for table `review_type`
--
ALTER TABLE `review_type`
  MODIFY `r_type_id` int(10) NOT NULL AUTO_INCREMENT, AUTO_INCREMENT=3;

--
-- AUTO_INCREMENT for table `specs_categorys`
--
ALTER TABLE `specs_categorys`
  MODIFY `specs_category_id` int(10) NOT NULL AUTO_INCREMENT, AUTO_INCREMENT=4;

--
-- AUTO_INCREMENT for table `specs_info_computer`
--
ALTER TABLE `specs_info_computer`
  MODIFY `specs_id` int(10) NOT NULL AUTO_INCREMENT, AUTO_INCREMENT=8;

--
-- AUTO_INCREMENT for table `specs_info_mobile`
--
ALTER TABLE `specs_info_mobile`
  MODIFY `specs_id` int(10) NOT NULL AUTO_INCREMENT, AUTO_INCREMENT=6;

--
-- AUTO_INCREMENT for table `user`
--
ALTER TABLE `user`
  MODIFY `id` int(11) NOT NULL AUTO_INCREMENT, AUTO_INCREMENT=23;

--
-- AUTO_INCREMENT for table `user_confirmation`
--
ALTER TABLE `user_confirmation`
  MODIFY `u_conf_id` int(10) NOT NULL AUTO_INCREMENT, AUTO_INCREMENT=2;

--
-- Constraints for dumped tables
--

--
-- Constraints for table `ad_confirmation`
--
ALTER TABLE `ad_confirmation`
  ADD CONSTRAINT `ad_confirmation_ibfk_1` FOREIGN KEY (`ad_id`) REFERENCES `ad_info` (`ad_id`) ON DELETE CASCADE ON UPDATE CASCADE,
  ADD CONSTRAINT `ad_confirmation_ibfk_2` FOREIGN KEY (`c_type_id`) REFERENCES `confirmation_type` (`c_type_id`) ON DELETE CASCADE ON UPDATE CASCADE,
  ADD CONSTRAINT `ad_confirmation_ibfk_3` FOREIGN KEY (`user_name`) REFERENCES `user_info` (`user_name`);

--
-- Constraints for table `ad_extra_info`
--
ALTER TABLE `ad_extra_info`
  ADD CONSTRAINT `ad_extra_info_ibfk_1` FOREIGN KEY (`ad_id`) REFERENCES `ad_info` (`ad_id`) ON DELETE CASCADE ON UPDATE CASCADE;

--
-- Constraints for table `ad_info`
--
ALTER TABLE `ad_info`
  ADD CONSTRAINT `ad_info_ibfk_1` FOREIGN KEY (`user_name`) REFERENCES `user_info` (`user_name`) ON DELETE CASCADE ON UPDATE CASCADE;

--
-- Constraints for table `brand_categorys`
--
ALTER TABLE `brand_categorys`
  ADD CONSTRAINT `brand_categorys_ibfk_1` FOREIGN KEY (`category_name`) REFERENCES `gadget_categorys` (`category_name`) ON DELETE CASCADE ON UPDATE CASCADE;

--
-- Constraints for table `company_info`
--
ALTER TABLE `company_info`
  ADD CONSTRAINT `company_info_ibfk_1` FOREIGN KEY (`price_id`) REFERENCES `price_info` (`price_id`) ON DELETE CASCADE ON UPDATE CASCADE;

--
-- Constraints for table `database_file`
--
ALTER TABLE `database_file`
  ADD CONSTRAINT `database_file_ibfk_1` FOREIGN KEY (`user_name`) REFERENCES `user_info` (`user_name`) ON DELETE CASCADE ON UPDATE CASCADE;

--
-- Constraints for table `gadget_info`
--
ALTER TABLE `gadget_info`
  ADD CONSTRAINT `gadget_info_ibfk_1` FOREIGN KEY (`brand_id`) REFERENCES `brand_categorys` (`brand_id`) ON DELETE CASCADE ON UPDATE CASCADE,
  ADD CONSTRAINT `gadget_info_ibfk_2` FOREIGN KEY (`category_name`) REFERENCES `gadget_categorys` (`category_name`) ON DELETE CASCADE ON UPDATE CASCADE,
  ADD CONSTRAINT `gadget_info_ibfk_3` FOREIGN KEY (`specs_category_id`) REFERENCES `specs_categorys` (`specs_category_id`) ON DELETE CASCADE ON UPDATE CASCADE;

--
-- Constraints for table `leave_info`
--
ALTER TABLE `leave_info`
  ADD CONSTRAINT `leave_info_ibfk_1` FOREIGN KEY (`user_name`) REFERENCES `user_info` (`user_name`) ON DELETE CASCADE ON UPDATE CASCADE;

--
-- Constraints for table `notification`
--
ALTER TABLE `notification`
  ADD CONSTRAINT `notification_ibfk_1` FOREIGN KEY (`from_whom`) REFERENCES `user_info` (`user_name`) ON DELETE CASCADE ON UPDATE CASCADE,
  ADD CONSTRAINT `notification_ibfk_2` FOREIGN KEY (`to_whom`) REFERENCES `user_info` (`user_name`) ON DELETE CASCADE ON UPDATE CASCADE;

--
-- Constraints for table `payment_info`
--
ALTER TABLE `payment_info`
  ADD CONSTRAINT `payment_info_ibfk_1` FOREIGN KEY (`card_no`) REFERENCES `card_info` (`card_no`) ON DELETE CASCADE ON UPDATE CASCADE,
  ADD CONSTRAINT `payment_info_ibfk_2` FOREIGN KEY (`ad_id`) REFERENCES `ad_info` (`ad_id`) ON DELETE CASCADE ON UPDATE CASCADE;

--
-- Constraints for table `price_info`
--
ALTER TABLE `price_info`
  ADD CONSTRAINT `price_info_ibfk_1` FOREIGN KEY (`gadget_id`) REFERENCES `gadget_info` (`gadget_id`) ON DELETE CASCADE ON UPDATE CASCADE;

--
-- Constraints for table `review`
--
ALTER TABLE `review`
  ADD CONSTRAINT `review_ibfk_1` FOREIGN KEY (`user_name`) REFERENCES `user_info` (`user_name`) ON DELETE CASCADE ON UPDATE CASCADE,
  ADD CONSTRAINT `review_ibfk_2` FOREIGN KEY (`r_type_id`) REFERENCES `review_type` (`r_type_id`) ON DELETE CASCADE ON UPDATE CASCADE,
  ADD CONSTRAINT `review_ibfk_3` FOREIGN KEY (`gadget_id`) REFERENCES `gadget_info` (`gadget_id`) ON DELETE CASCADE ON UPDATE CASCADE;

--
-- Constraints for table `specs_info_computer`
--
ALTER TABLE `specs_info_computer`
  ADD CONSTRAINT `specs_info_computer_ibfk_1` FOREIGN KEY (`specs_category_id`) REFERENCES `specs_categorys` (`specs_category_id`) ON DELETE CASCADE ON UPDATE CASCADE,
  ADD CONSTRAINT `specs_info_computer_ibfk_2` FOREIGN KEY (`gadget_id`) REFERENCES `gadget_info` (`gadget_id`) ON DELETE CASCADE ON UPDATE CASCADE;

--
-- Constraints for table `specs_info_mobile`
--
ALTER TABLE `specs_info_mobile`
  ADD CONSTRAINT `specs_info_mobile_ibfk_1` FOREIGN KEY (`specs_category_id`) REFERENCES `specs_categorys` (`specs_category_id`) ON DELETE CASCADE ON UPDATE CASCADE,
  ADD CONSTRAINT `specs_info_mobile_ibfk_2` FOREIGN KEY (`gadget_id`) REFERENCES `gadget_info` (`gadget_id`) ON DELETE CASCADE ON UPDATE CASCADE;

--
-- Constraints for table `user_confirmation`
--
ALTER TABLE `user_confirmation`
  ADD CONSTRAINT `user_confirmation_ibfk_1` FOREIGN KEY (`user_name`) REFERENCES `user_info` (`user_name`) ON DELETE CASCADE ON UPDATE CASCADE,
  ADD CONSTRAINT `user_confirmation_ibfk_2` FOREIGN KEY (`user_name`) REFERENCES `user_info` (`user_name`) ON DELETE CASCADE ON UPDATE CASCADE,
  ADD CONSTRAINT `user_confirmation_ibfk_3` FOREIGN KEY (`c_type_id`) REFERENCES `confirmation_type` (`c_type_id`) ON DELETE CASCADE ON UPDATE CASCADE;
COMMIT;

/*!40101 SET CHARACTER_SET_CLIENT=@OLD_CHARACTER_SET_CLIENT */;
/*!40101 SET CHARACTER_SET_RESULTS=@OLD_CHARACTER_SET_RESULTS */;
/*!40101 SET COLLATION_CONNECTION=@OLD_COLLATION_CONNECTION */;
